-- phpMyAdmin SQL Dump
-- version 4.0.4.1
-- http://www.phpmyadmin.net
--
-- Host: 127.0.0.1
-- Generation Time: Oct 02, 2016 at 07:17 PM
-- Server version: 5.6.11
-- PHP Version: 5.5.3

SET SQL_MODE = "NO_AUTO_VALUE_ON_ZERO";
SET time_zone = "+00:00";


/*!40101 SET @OLD_CHARACTER_SET_CLIENT=@@CHARACTER_SET_CLIENT */;
/*!40101 SET @OLD_CHARACTER_SET_RESULTS=@@CHARACTER_SET_RESULTS */;
/*!40101 SET @OLD_COLLATION_CONNECTION=@@COLLATION_CONNECTION */;
/*!40101 SET NAMES utf8 */;

--
-- Database: `thayson`
--
CREATE DATABASE IF NOT EXISTS `thayson` DEFAULT CHARACTER SET utf8 COLLATE utf8_unicode_ci;
USE `thayson`;

-- --------------------------------------------------------

--
-- Table structure for table `comments`
--

CREATE TABLE IF NOT EXISTS `comments` (
  `CommentId` int(20) NOT NULL AUTO_INCREMENT,
  `FacebookIdComment` varchar(30) COLLATE utf8_unicode_ci NOT NULL,
  `FacebookUserIdComment` varchar(30) COLLATE utf8_unicode_ci NOT NULL,
  `Message` text COLLATE utf8_unicode_ci,
  `CreateCommentTime` varchar(100) COLLATE utf8_unicode_ci DEFAULT NULL,
  `StatusId` int(20) DEFAULT NULL,
  `FeedId` int(20) DEFAULT NULL,
  `CreateTime` timestamp NOT NULL DEFAULT '0000-00-00 00:00:00',
  `UpdateTime` timestamp NOT NULL DEFAULT '0000-00-00 00:00:00' ON UPDATE CURRENT_TIMESTAMP,
  PRIMARY KEY (`CommentId`),
  KEY `fk_comments_status_idx` (`StatusId`),
  KEY `fk_comments_feeds_idx` (`FeedId`)
) ENGINE=MyISAM  DEFAULT CHARSET=utf8 COLLATE=utf8_unicode_ci AUTO_INCREMENT=459 ;

--
-- Dumping data for table `comments`
--

INSERT INTO `comments` (`CommentId`, `FacebookIdComment`, `FacebookUserIdComment`, `Message`, `CreateCommentTime`, `StatusId`, `FeedId`, `CreateTime`, `UpdateTime`) VALUES
(364, '1702872326635606', '141151552894521', '1 2 3 comment', '2016-04-13 21:50:00', 1, 515, '2016-04-13 17:13:20', '2016-04-13 17:13:20'),
(365, '1702872359968936', '141151552894521', 'comment 4 5 6', '2016-04-13 21:50:08', 1, 515, '2016-04-13 17:13:20', '2016-04-13 17:13:20'),
(366, '1676916839231677', '10209330134003485', '', '2016-02-21 21:09:07', 1, 520, '2016-09-28 16:15:17', '2016-09-28 16:15:17'),
(367, '1742130162716963', '1117708261642965', 'Đông Nguyên Nguyễn Thơ  thầy bảo là tuần sau vào buổi tối gặp thầy :#', '2016-04-09 08:48:14', 1, 521, '2016-10-02 03:06:44', '2016-10-02 03:06:44'),
(368, '1740266262903353', '1117708261642965', 'Nguyễn Thơ  sửa cho 3 cái t khoanh tròn ấy 1 cái là nhấn add user hiện ra dialog đó thì cái nut search phải ẩn đi chứ ??  2 là khoảng cách các cái đều nhau nhé!', '2016-04-04 00:26:03', 1, 522, '2016-10-02 03:06:44', '2016-10-02 03:06:44'),
(369, '1740154226247890', '1091820464260392', 'phan  facebook  chua xong ha', '2016-04-03 17:47:11', 1, 523, '2016-10-02 03:06:44', '2016-10-02 03:06:44'),
(370, '1740173982912581', '1117708261642965', 'Face t xong rồi mà còn mỗi phần t giao cho c thôi', '2016-04-03 19:19:36', 1, 523, '2016-10-02 03:06:44', '2016-10-02 03:06:44'),
(371, '1740206506242662', '1091820464260392', 'Fan gi. Gui mail ha.', '2016-04-03 21:15:25', 1, 523, '2016-10-02 03:06:44', '2016-10-02 03:06:44'),
(372, '1740209016242411', '1117708261642965', ':#  còn nhiều cái t bảo c làm mà c đã làm đâu :3', '2016-04-03 21:24:18', 1, 523, '2016-10-02 03:06:44', '2016-10-02 03:06:44'),
(373, '1740209142909065', '1117708261642965', 'lên skype đi', '2016-04-03 21:24:44', 1, 523, '2016-10-02 03:06:44', '2016-10-02 03:06:44'),
(374, '1740209306242382', '1091820464260392', 'Sak. Noi kieu gi vay.', '2016-04-03 21:25:11', 1, 523, '2016-10-02 03:06:44', '2016-10-02 03:06:44'),
(375, '1740209689575677', '1117708261642965', ':3  thì có mấy cái nó lỗi và chưa sửa mà ....', '2016-04-03 21:27:19', 1, 523, '2016-10-02 03:06:44', '2016-10-02 03:06:44'),
(376, '1708735912723055', '1091820464260392', 'thử nhiêu mà chưa đk, không biết xong đk ko', '2016-01-08 19:58:59', 1, 529, '2016-10-02 03:06:44', '2016-10-02 03:06:44'),
(377, '1708736499389663', '1117708261642965', 'ơ chỉ cần hiện 3 cái  input text ra mà.\n1 là subject\n1 là tới ai đó\n1 là nội dung mà', '2016-01-08 20:00:09', 1, 529, '2016-10-02 03:06:44', '2016-10-02 03:06:44'),
(378, '1708736649389648', '1117708261642965', 'phần tới ai đó thì search thôi.  search thì kiếm demo trên mạng :p', '2016-01-08 20:00:27', 1, 529, '2016-10-02 03:06:44', '2016-10-02 03:06:44'),
(379, '1708746599388653', '1185459388186688', 'chú cả thơ đi thôi, anh có làm j đâu mà đi, mang tiếng', '2016-01-08 20:44:39', 1, 529, '2016-10-02 03:06:44', '2016-10-02 03:06:44'),
(380, '1708753756054604', '1117708261642965', 'thơ đi làm rồi chú đi đê', '2016-01-08 21:21:05', 1, 529, '2016-10-02 03:06:44', '2016-10-02 03:06:44'),
(381, '1708371286092851', '1117708261642965', 'Ngoco Co Ngo', '2016-01-07 11:23:20', 1, 530, '2016-10-02 03:06:44', '2016-10-02 03:06:44'),
(382, '1707554232841223', '1117708261642965', 'a', '2016-01-04 14:39:27', 1, 557, '2016-10-02 03:06:44', '2016-10-02 03:06:44'),
(383, '1707554239507889', '1117708261642965', 'b', '2016-01-04 14:39:30', 1, 557, '2016-10-02 03:06:44', '2016-10-02 03:06:44'),
(384, '1707554246174555', '1117708261642965', 'c', '2016-01-04 14:39:31', 1, 557, '2016-10-02 03:06:44', '2016-10-02 03:06:44'),
(385, '1707554259507887', '1117708261642965', 'd', '2016-01-04 14:39:32', 1, 557, '2016-10-02 03:06:44', '2016-10-02 03:06:44'),
(386, '1707554266174553', '1117708261642965', 'e', '2016-01-04 14:39:33', 1, 557, '2016-10-02 03:06:44', '2016-10-02 03:06:44'),
(387, '1707554269507886', '1117708261642965', 'f', '2016-01-04 14:39:34', 1, 557, '2016-10-02 03:06:44', '2016-10-02 03:06:44'),
(388, '1707554282841218', '1117708261642965', '1', '2016-01-04 14:39:35', 1, 557, '2016-10-02 03:06:44', '2016-10-02 03:06:44'),
(389, '1707554286174551', '1117708261642965', '2', '2016-01-04 14:39:36', 1, 557, '2016-10-02 03:06:44', '2016-10-02 03:06:44'),
(390, '1707554289507884', '1117708261642965', '3', '2016-01-04 14:39:37', 1, 557, '2016-10-02 03:06:44', '2016-10-02 03:06:44'),
(391, '1707554292841217', '1117708261642965', '4', '2016-01-04 14:39:37', 1, 557, '2016-10-02 03:06:44', '2016-10-02 03:06:44'),
(392, '1707554296174550', '1117708261642965', '5', '2016-01-04 14:39:38', 1, 557, '2016-10-02 03:06:44', '2016-10-02 03:06:44'),
(393, '1707554299507883', '1117708261642965', '6', '2016-01-04 14:39:38', 1, 557, '2016-10-02 03:06:44', '2016-10-02 03:06:44'),
(394, '1707554312841215', '1117708261642965', '7', '2016-01-04 14:39:39', 1, 557, '2016-10-02 03:06:44', '2016-10-02 03:06:44'),
(395, '1707554322841214', '1117708261642965', '8', '2016-01-04 14:39:40', 1, 557, '2016-10-02 03:06:44', '2016-10-02 03:06:44'),
(396, '1707554326174547', '1117708261642965', '9', '2016-01-04 14:39:40', 1, 557, '2016-10-02 03:06:44', '2016-10-02 03:06:44'),
(397, '1707554339507879', '1117708261642965', '10', '2016-01-04 14:39:42', 1, 557, '2016-10-02 03:06:44', '2016-10-02 03:06:44'),
(398, '1707554342841212', '1117708261642965', '11', '2016-01-04 14:39:43', 1, 557, '2016-10-02 03:06:44', '2016-10-02 03:06:44'),
(399, '1707554349507878', '1117708261642965', '12', '2016-01-04 14:39:44', 1, 557, '2016-10-02 03:06:44', '2016-10-02 03:06:44'),
(400, '1707554352841211', '1117708261642965', '13', '2016-01-04 14:39:44', 1, 557, '2016-10-02 03:06:44', '2016-10-02 03:06:44'),
(401, '1707554362841210', '1117708261642965', '14', '2016-01-04 14:39:45', 1, 557, '2016-10-02 03:06:44', '2016-10-02 03:06:44'),
(402, '1707554366174543', '1117708261642965', '15', '2016-01-04 14:39:46', 1, 557, '2016-10-02 03:06:44', '2016-10-02 03:06:44'),
(403, '1707554369507876', '1117708261642965', '16', '2016-01-04 14:39:48', 1, 557, '2016-10-02 03:06:44', '2016-10-02 03:06:44'),
(404, '1707554372841209', '1117708261642965', '17', '2016-01-04 14:39:49', 1, 557, '2016-10-02 03:06:44', '2016-10-02 03:06:44'),
(405, '1707554379507875', '1117708261642965', '18', '2016-01-04 14:39:51', 1, 557, '2016-10-02 03:06:44', '2016-10-02 03:06:44'),
(406, '1707554392841207', '1117708261642965', '19', '2016-01-04 14:39:52', 1, 557, '2016-10-02 03:06:44', '2016-10-02 03:06:44'),
(407, '1707554396174540', '1117708261642965', '20', '2016-01-04 14:39:53', 1, 557, '2016-10-02 03:06:44', '2016-10-02 03:06:44'),
(408, '1707554399507873', '1117708261642965', '21', '2016-01-04 14:39:54', 1, 557, '2016-10-02 03:06:44', '2016-10-02 03:06:44'),
(409, '1707554402841206', '1117708261642965', '22', '2016-01-04 14:39:55', 1, 557, '2016-10-02 03:06:44', '2016-10-02 03:06:44'),
(410, '1707554406174539', '1117708261642965', '23', '2016-01-04 14:39:56', 1, 557, '2016-10-02 03:06:44', '2016-10-02 03:06:44'),
(411, '1707554412841205', '1117708261642965', '24', '2016-01-04 14:39:57', 1, 557, '2016-10-02 03:06:44', '2016-10-02 03:06:44'),
(412, '1707554416174538', '1117708261642965', '25', '2016-01-04 14:39:58', 1, 557, '2016-10-02 03:06:44', '2016-10-02 03:06:44'),
(413, '1707554419507871', '1117708261642965', '26', '2016-01-04 14:39:59', 1, 557, '2016-10-02 03:06:44', '2016-10-02 03:06:44'),
(414, '1707554426174537', '1117708261642965', '27', '2016-01-04 14:40:00', 1, 557, '2016-10-02 03:06:44', '2016-10-02 03:06:44'),
(415, '1707554436174536', '1117708261642965', '28', '2016-01-04 14:40:01', 1, 557, '2016-10-02 03:06:44', '2016-10-02 03:06:44'),
(416, '1707554449507868', '1117708261642965', '29', '2016-01-04 14:40:03', 1, 557, '2016-10-02 03:06:44', '2016-10-02 03:06:44'),
(417, '1707554452841201', '1117708261642965', '30', '2016-01-04 14:40:04', 1, 557, '2016-10-02 03:06:44', '2016-10-02 03:06:44'),
(418, '1707554476174532', '1117708261642965', '31', '2016-01-04 14:40:06', 1, 557, '2016-10-02 03:06:44', '2016-10-02 03:06:44'),
(419, '1707554482841198', '1117708261642965', '32', '2016-01-04 14:40:06', 1, 557, '2016-10-02 03:06:44', '2016-10-02 03:06:44'),
(420, '1707554489507864', '1117708261642965', '33', '2016-01-04 14:40:07', 1, 557, '2016-10-02 03:06:44', '2016-10-02 03:06:44'),
(421, '1707554496174530', '1117708261642965', '34', '2016-01-04 14:40:09', 1, 557, '2016-10-02 03:06:44', '2016-10-02 03:06:44'),
(422, '1707554499507863', '1117708261642965', '35', '2016-01-04 14:40:10', 1, 557, '2016-10-02 03:06:44', '2016-10-02 03:06:44'),
(423, '1707554526174527', '1117708261642965', '36', '2016-01-04 14:40:11', 1, 557, '2016-10-02 03:06:44', '2016-10-02 03:06:44'),
(424, '1707554539507859', '1117708261642965', '37', '2016-01-04 14:40:12', 1, 557, '2016-10-02 03:06:44', '2016-10-02 03:06:44'),
(425, '1707554542841192', '1117708261642965', '38', '2016-01-04 14:40:12', 1, 557, '2016-10-02 03:06:44', '2016-10-02 03:06:44'),
(426, '1707554546174525', '1117708261642965', '39', '2016-01-04 14:40:14', 1, 557, '2016-10-02 03:06:44', '2016-10-02 03:06:44'),
(427, '1707554562841190', '1117708261642965', '40', '2016-01-04 14:40:15', 1, 557, '2016-10-02 03:06:44', '2016-10-02 03:06:44'),
(428, '1707554576174522', '1117708261642965', '41', '2016-01-04 14:40:16', 1, 557, '2016-10-02 03:06:44', '2016-10-02 03:06:44'),
(429, '1707554579507855', '1117708261642965', '42', '2016-01-04 14:40:16', 1, 557, '2016-10-02 03:06:44', '2016-10-02 03:06:44'),
(430, '1707554582841188', '1117708261642965', '43', '2016-01-04 14:40:17', 1, 557, '2016-10-02 03:06:44', '2016-10-02 03:06:44'),
(431, '1707554586174521', '1117708261642965', '44', '2016-01-04 14:40:18', 1, 557, '2016-10-02 03:06:44', '2016-10-02 03:06:44'),
(432, '1707554589507854', '1117708261642965', '45', '2016-01-04 14:40:19', 1, 557, '2016-10-02 03:06:44', '2016-10-02 03:06:44'),
(433, '1707554592841187', '1117708261642965', '46', '2016-01-04 14:40:20', 1, 557, '2016-10-02 03:06:44', '2016-10-02 03:06:44'),
(434, '1707554596174520', '1117708261642965', '47', '2016-01-04 14:40:21', 1, 557, '2016-10-02 03:06:44', '2016-10-02 03:06:44'),
(435, '1707554599507853', '1117708261642965', '48', '2016-01-04 14:40:22', 1, 557, '2016-10-02 03:06:44', '2016-10-02 03:06:44'),
(436, '1707554606174519', '1117708261642965', '49', '2016-01-04 14:40:23', 1, 557, '2016-10-02 03:06:44', '2016-10-02 03:06:44'),
(437, '1707554609507852', '1117708261642965', '50', '2016-01-04 14:40:25', 1, 557, '2016-10-02 03:06:44', '2016-10-02 03:06:44'),
(438, '1707554612841185', '1117708261642965', '51', '2016-01-04 14:40:25', 1, 557, '2016-10-02 03:06:44', '2016-10-02 03:06:44'),
(439, '1707554616174518', '1117708261642965', '52', '2016-01-04 14:40:28', 1, 557, '2016-10-02 03:06:44', '2016-10-02 03:06:44'),
(440, '1707554619507851', '1117708261642965', '53', '2016-01-04 14:40:30', 1, 557, '2016-10-02 03:06:44', '2016-10-02 03:06:44'),
(441, '1707554639507849', '1117708261642965', '54', '2016-01-04 14:40:31', 1, 557, '2016-10-02 03:06:44', '2016-10-02 03:06:44'),
(442, '1707554642841182', '1117708261642965', '55', '2016-01-04 14:40:32', 1, 557, '2016-10-02 03:06:44', '2016-10-02 03:06:44'),
(443, '1707517792844867', '1117708261642965', 'Đông Nguyên Nguyễn Thơ  10tr nhé làm nhanh cho gọn', '2016-01-04 10:47:47', 1, 558, '2016-10-02 03:06:44', '2016-10-02 03:06:44'),
(444, '1707519722844674', '1117708261642965', 'Alo  t tính ntn: Đông Nguyên xin Việt cái thuật toán nhé và chuyển sang php hoặc java cũng đc chạy trên jsp là đc sẽ có cách làm nó kết nối với php sau.\nNguyễn Thơ  đọc lại yêu cầu xem giao diện còn thiếu gì thì thêm nhé.\nTường sẽ lo lấy dữ liệu face vào csdl ok 10tr/3 :v  trích 500 liên hoan 500 làm quỹ :v', '2016-01-04 11:05:51', 1, 558, '2016-10-02 03:06:44', '2016-10-02 03:06:44'),
(445, '1707526832843963', '1117708261642965', 'cái này t lo phần tài liệu csdl mình làm k chu đáo lắm :3  các thầy bảo sinh viên năm cuối mà làm ẩu thế này quái cho ra trương fthif chết :3', '2016-01-04 11:31:40', 1, 558, '2016-10-02 03:06:44', '2016-10-02 03:06:44'),
(446, '1707526929510620', '1091820464260392', 'Fân lấy yêu cầu, ko đúng ngay từ đau ý', '2016-01-04 11:33:02', 1, 558, '2016-10-02 03:06:44', '2016-10-02 03:06:44'),
(447, '1707527086177271', '1091820464260392', 'Phần phân quyền cũng có vẽ fức tạp đấy', '2016-01-04 11:35:03', 1, 558, '2016-10-02 03:06:44', '2016-10-02 03:06:44'),
(448, '1707527172843929', '1117708261642965', 'Nhé có 2 phần để lấy từ face!  \n1 Là trong group người quản lý\n2 Là thông tin về bạn bè của người login\n\nTrước mắt làm phần 1\n\nCòn về quản lý thì cấp bậc lúc đầu csdl đã nêu ra là có rule cho từng account mà!  Bọn t k chắc về phân quyền phức tạp ntn lắm nhưng với mỗi ng khi login vào tùy quyền mà mình cho quản lý riêng!', '2016-01-04 11:35:59', 1, 558, '2016-10-02 03:06:44', '2016-10-02 03:06:44'),
(449, '1707527626177217', '1117708261642965', 'Nguyễn Thơ  Thế này nhé c cứ làm hết giao diện tới comment load từ csdl ra đi. Tới thứ 4 mỗi ng nghĩ các vấn đề còn tồn đọng lại và hôm đó sẽ tích hợp lại ok!', '2016-01-04 11:39:04', 1, 558, '2016-10-02 03:06:44', '2016-10-02 03:06:44'),
(450, '1707527829510530', '1091820464260392', 'Tối tớ hoàn tất fan hiển thị gữi cho cậu', '2016-01-04 11:41:02', 1, 558, '2016-10-02 03:06:44', '2016-10-02 03:06:44'),
(451, '1707495796180400', '1091820464260392', 'Phần hiển thị thì nhanh maf', '2016-01-04 08:40:06', 1, 559, '2016-10-02 03:06:44', '2016-10-02 03:06:44'),
(452, '1707510319512281', '1117708261642965', 'C cứ làm xog đi. Để t đổ dữ liệu vào csdl sửa cho giao diện đẹp nhé :v', '2016-01-04 10:03:44', 1, 559, '2016-10-02 03:06:44', '2016-10-02 03:06:44'),
(453, '1661328647463782', '1117708261642965', 'cái report k đc nhá , cái này chỉ là 1 cái inbox thôi k cho report , như inbox bình thường report lên trên thì là gửi văn bản lên thôi dẫn link vào mà hôm trước bàn đó', '2015-07-24 21:01:06', 1, 560, '2016-10-02 03:06:44', '2016-10-02 03:06:44'),
(454, '1661455617451085', '1091820464260392', 'report lamf gi the', '2015-07-25 09:47:46', 1, 560, '2016-10-02 03:06:44', '2016-10-02 03:06:44'),
(455, '1705111783085468', '1117708261642965', 'Nguyễn Thơ', '2015-12-28 08:16:18', 1, 560, '2016-10-02 03:06:44', '2016-10-02 03:06:44'),
(456, '1120389274671528', '1117708261642965', 'https://drive.google.com/file/d/0B61vm6OTKWyQOGpSdXlvd1h1aUE/view?usp=sharing', '2016-07-10 23:45:43', 1, 564, '2016-10-02 15:36:57', '2016-10-02 15:36:57'),
(457, '1034543353256121', '1117708261642965', 'abc  comment cho ảnh này', '2016-02-21 07:59:15', 1, 572, '2016-10-02 15:36:57', '2016-10-02 15:36:57'),
(458, '1034543369922786', '1117708261642965', 'comment cho ảnh nahyf', '2016-02-21 07:59:20', 1, 572, '2016-10-02 15:36:57', '2016-10-02 15:36:57');

-- --------------------------------------------------------

--
-- Table structure for table `feeds`
--

CREATE TABLE IF NOT EXISTS `feeds` (
  `FeedId` int(20) NOT NULL AUTO_INCREMENT,
  `FacebookIdFeed` varchar(40) COLLATE utf8_unicode_ci NOT NULL,
  `FacebookUserIdFeed` varchar(30) COLLATE utf8_unicode_ci NOT NULL,
  `Message` text COLLATE utf8_unicode_ci,
  `CreateFeedTime` datetime DEFAULT NULL,
  `UpdateFeedTime` datetime DEFAULT NULL,
  `StatusId` int(20) DEFAULT NULL,
  `GroupId` int(20) DEFAULT NULL,
  `CreateTime` timestamp NOT NULL DEFAULT '0000-00-00 00:00:00',
  `UpdateTime` timestamp NOT NULL DEFAULT '0000-00-00 00:00:00' ON UPDATE CURRENT_TIMESTAMP,
  PRIMARY KEY (`FeedId`),
  KEY `fk_feeds_status_idx` (`StatusId`),
  KEY `fk_feeds_groups_idx` (`GroupId`)
) ENGINE=MyISAM  DEFAULT CHARSET=utf8 COLLATE=utf8_unicode_ci AUTO_INCREMENT=583 ;

--
-- Dumping data for table `feeds`
--

INSERT INTO `feeds` (`FeedId`, `FacebookIdFeed`, `FacebookUserIdFeed`, `Message`, `CreateFeedTime`, `UpdateFeedTime`, `StatusId`, `GroupId`, `CreateTime`, `UpdateTime`) VALUES
(522, '1649687745294539_1740256332904346', '1117708261642965', 't đang sưar từng mục một cho chu đáo sẽ có các phần t k làm đc sẽ nhắn c làm tiếp nhé Nguyễn Thơ Ngoco Co Ngo  \n\nhttps://www.youtube.com/watch?v=8wbLNLLXjXU\nupdate lại project nhé t mới push lên đó một số sửa đổi!\nnhiệm vụ của c bắt các lỗi nhập pass và user chứa kí tự đặc biệt tránh lỗi injection trong mysql', '2016-04-03 23:49:36', '2016-04-04 00:26:03', 1, 57, '2016-10-02 03:06:44', '2016-10-02 03:06:44'),
(521, '1649687745294539_1742129996050313', '1117708261642965', 'http://trituevietnam.freevnn.com/ThaySon\n\nxem cái này dc k ??  \n\nlogin:  Admin  pass: admin', '2016-04-09 08:47:40', '2016-04-09 08:48:14', 1, 57, '2016-10-02 03:06:44', '2016-10-02 03:06:44'),
(520, '1428254904097873_1676816475908380', '856760261071101', 'Chúc mừng hạnh phúc của thầy nào mọi người!  Ai đi cưới không?!', '2016-02-21 15:13:05', '2016-02-21 21:09:07', 3, 60, '2016-09-28 16:15:17', '2016-09-28 16:15:26'),
(519, '1702859026636936_1702859033303602', '141151552894521', '', '2016-04-13 20:53:30', '2016-04-13 20:53:30', 1, 59, '2016-04-13 17:13:20', '2016-04-13 17:13:20'),
(518, '1702859026636936_1702859139970258', '141151552894521', 'test file số 1', '2016-04-13 20:53:54', '2016-04-13 20:53:54', 1, 59, '2016-04-13 17:13:20', '2016-04-13 17:13:20'),
(517, '1702859026636936_1702859149970257', '141151552894521', 'test file số 2', '2016-04-13 20:53:59', '2016-04-13 20:53:59', 1, 59, '2016-04-13 17:13:20', '2016-04-13 17:13:20'),
(516, '1702859026636936_1702859159970256', '141151552894521', 'test file số 3', '2016-04-13 20:54:02', '2016-04-13 20:54:02', 1, 59, '2016-04-13 17:13:20', '2016-04-13 17:13:20'),
(515, '1702859026636936_1702860676636771', '856760261071101', 'yes  :D  test bản 4', '2016-04-13 21:00:04', '2016-04-13 21:50:08', 1, 59, '2016-04-13 17:13:20', '2016-04-13 17:13:20'),
(514, '1702859026636936_1702872546635584', '141151552894521', 'yes ttt', '2016-04-13 21:51:07', '2016-04-13 21:51:07', 1, 59, '2016-04-13 17:13:20', '2016-04-13 17:13:20'),
(523, '1649687745294539_1740067526256560', '1117708261642965', 'Thông báo thầy nhắn tuần sau cho sản phẩm cho thầy :3 nhọ rồi :3  ai rảnh rỗi tham gia nào Nguyễn Thơ Đông Nguyên Ngoco Co Ngo', '2016-04-03 12:43:57', '2016-04-03 21:27:19', 1, 57, '2016-10-02 03:06:44', '2016-10-02 03:06:44'),
(524, '1649687745294539_1709617045968275', '1117708261642965', 'team work <3', '2016-01-11 10:20:18', '2016-01-11 10:20:18', 1, 57, '2016-10-02 03:06:44', '2016-10-02 03:06:44'),
(525, '1649687745294539_1709596875970292', '1117708261642965', 'ok nhé đây là bản t lấy lại từ bản sáng nay Nguyễn Thơ  gửi và bổ sung fix lại 2 lỗi sáng nay demo lỗi cho thầy :3  thơ down về nhé giống bản của c thôi :x  iu thơ thế fix lỗi scroll table và làm đẹp 2 nút check all :p', '2016-01-11 08:57:41', '2016-01-11 08:57:41', 1, 57, '2016-10-02 03:06:44', '2016-10-02 03:06:44'),
(526, '1649687745294539_1709596372637009', '1117708261642965', 'Trích nguyên văn ý thầy (Đông Nguyên có gì sai bổ sung nhé!):\n\nCái này làm từ từ:  tới 2 tuần sau nộp cũng đc!\nÝ thầy là làm cho cả các trường khác đó. khi trên face có ai làm gì làm gì cái thì search đc id face nó ở trường nào lớp nào. Cơ bản làm cho trường mình trước! ý thầy t copy nguyên vào trong file yeucau so sung.txt đó nhé.\nChắc phải sửa lại csdl bổ sung thêm 1 số thuộc tính. Nguyễn Thơ  bổ sung thêm nhé! k thì cuối tuần t đi bắc ninh về rồi cùng làm cũng đc! nhưng mà t thấy cũng ít nên c làm dần đi nhé :p\n.\n.\n.\n.\n.\n.\n.\n- Trong CSDL member (thuộc group) thì cần bổ sung các trường như cái file excel quản lý trong lớp đó như là: tên thật đầy đủ, id lớp, địa chỉ email, tạm trú tạm vắng, số điện thoại, quê quán, ngày sinh.\n Các trường này được người quản lý group tự tay nhập (Thầy bảo nếu mà nhập được bằng file exel thì tốt)\n- Admin, người quản lý, có thể search ra group nhóm cấp dưới mà mình quản lý khi gửi mail..\n- Admin có thêm chức năng là: search id facebook của 1 người bất kì sẽ hiện ra cái thông tin mà member có member đã nhập đó. (Chỉ admin có)\n- View profile thêm 1 số trường tùy ý để chỉ cụ thể người đó là ai ở đâu, sđt liên hệ, ...  1 số trường như member??\n- Người quản lý có thể xem danh sách group nhóm mà mình quản lý (nhóm này là nhóm user quản lý group)\n- Làm chức năng báo cáo thường kì (một nút để thành viên nhấn tự động lấy 1 số thông tin hoặc cho nhập tay: tình hình nhóm group face,số vi phạm trong tháng, thành viên tích cực, tiêu cực )từ thành viên -> người quản lý -> admin  \n (Tạo 1 bảng chức năng hoặc gửi mail như cái mail kia cũng đc (sinh ra đoạn mã tự động hoặc cho gõ để tạo form chung thôi))', '2016-01-11 08:55:05', '2016-01-11 08:55:06', 1, 57, '2016-10-02 03:06:44', '2016-10-02 03:06:44'),
(527, '1649687745294539_1709448899318423', '1117708261642965', 'full code thầy sơn 11-1  đã thêm phân quyền nhé :3', '2016-01-11 00:21:53', '2016-01-11 00:21:54', 1, 57, '2016-10-02 03:06:44', '2016-10-02 03:06:44'),
(528, '1649687745294539_1709077576022222', '1117708261642965', 'bản code sáng ngày 10-1  nhé đã tích hợp và thêm các chức năng đầy đủ :D  còn mỗi phần quyền nhờ Nguyễn Thơ  nhé :p', '2016-01-09 22:35:51', '2016-01-09 22:35:51', 1, 57, '2016-10-02 03:06:44', '2016-10-02 03:06:44'),
(529, '1649687745294539_1708707879392525', '1117708261642965', 'Thầy sơn nhắn là thứ 2 9h gặp thầy nhé sau có j demo luôn.  thì Nguyễn Thơ  cố gắng xong cái giao diện soạn tin và có thể search được người khác nhé , cho gửi tin nhiều người....  gửi sang bên kia vào csdl của ng kia là đc!', '2016-01-08 18:17:59', '2016-01-08 21:21:05', 1, 57, '2016-10-02 03:06:44', '2016-10-02 03:06:44'),
(530, '1649687745294539_1708358126094167', '1117708261642965', 'bản thầy sơn 7-1  11h23    update nhé :3', '2016-01-07 09:54:16', '2016-01-07 11:23:20', 1, 57, '2016-10-02 03:06:44', '2016-10-02 03:06:44'),
(531, '1649687745294539_1708345092762137', '1117708261642965', 'bản cuối ngày 7-1  10h27p', '2016-01-07 08:57:27', '2016-01-07 08:57:28', 1, 57, '2016-10-02 03:06:44', '2016-10-02 03:06:44'),
(532, '1649687745294539_1708228932773753', '1117708261642965', 'Bản này chỉnh sửa lại nhé bản cuối đó!  csdl có thể sẽ bỏ đi 1 số thuộc tính và 1 số liên kết sẽ bàn lại sau nhé ok!', '2016-01-06 22:54:55', '2016-01-06 22:54:55', 1, 57, '2016-10-02 03:06:44', '2016-10-02 03:06:44'),
(533, '1649687745294539_1708169516113028', '1117708261642965', '26', '2016-01-06 18:52:54', '2016-01-06 18:52:54', 1, 57, '2016-10-02 03:06:44', '2016-10-02 03:06:44'),
(534, '1649687745294539_1708169492779697', '1117708261642965', '25', '2016-01-06 18:52:51', '2016-01-06 18:52:51', 1, 57, '2016-10-02 03:06:44', '2016-10-02 03:06:44'),
(535, '1649687745294539_1708169446113035', '1117708261642965', '24', '2016-01-06 18:52:46', '2016-01-06 18:52:46', 1, 57, '2016-10-02 03:06:44', '2016-10-02 03:06:44'),
(536, '1649687745294539_1708169436113036', '1117708261642965', '23', '2016-01-06 18:52:41', '2016-01-06 18:52:41', 1, 57, '2016-10-02 03:06:44', '2016-10-02 03:06:44'),
(537, '1649687745294539_1708169432779703', '1117708261642965', '22', '2016-01-06 18:52:38', '2016-01-06 18:52:38', 1, 57, '2016-10-02 03:06:44', '2016-10-02 03:06:44'),
(538, '1649687745294539_1708169429446370', '1117708261642965', '21', '2016-01-06 18:52:36', '2016-01-06 18:52:36', 1, 57, '2016-10-02 03:06:44', '2016-10-02 03:06:44'),
(539, '1649687745294539_1708169419446371', '1117708261642965', '20', '2016-01-06 18:52:32', '2016-01-06 18:52:32', 1, 57, '2016-10-02 03:06:44', '2016-10-02 03:06:44'),
(540, '1649687745294539_1708169386113041', '1117708261642965', '19', '2016-01-06 18:52:24', '2016-01-06 18:52:24', 1, 57, '2016-10-02 03:06:44', '2016-10-02 03:06:44'),
(541, '1649687745294539_1708169272779719', '1117708261642965', '18', '2016-01-06 18:51:48', '2016-01-06 18:51:48', 1, 57, '2016-10-02 03:06:44', '2016-10-02 03:06:44'),
(542, '1649687745294539_1708169236113056', '1117708261642965', '17', '2016-01-06 18:51:29', '2016-01-06 18:51:29', 1, 57, '2016-10-02 03:06:44', '2016-10-02 03:06:44'),
(543, '1649687745294539_1708169222779724', '1117708261642965', '16', '2016-01-06 18:51:23', '2016-01-06 18:51:23', 1, 57, '2016-10-02 03:06:44', '2016-10-02 03:06:44'),
(544, '1649687745294539_1708169212779725', '1117708261642965', '6', '2016-01-06 18:51:20', '2016-01-06 18:51:20', 1, 57, '2016-10-02 03:06:44', '2016-10-02 03:06:44'),
(545, '1649687745294539_1708167892779857', '1117708261642965', '999', '2016-01-06 18:43:47', '2016-01-06 18:43:47', 1, 57, '2016-10-02 03:06:44', '2016-10-02 03:06:44'),
(546, '1649687745294539_1708167879446525', '1117708261642965', '777', '2016-01-06 18:43:44', '2016-01-06 18:43:44', 1, 57, '2016-10-02 03:06:44', '2016-10-02 03:06:44'),
(547, '1649687745294539_1708167866113193', '1117708261642965', '777', '2016-01-06 18:43:41', '2016-01-06 18:43:41', 1, 57, '2016-10-02 03:06:44', '2016-10-02 03:06:44'),
(548, '1649687745294539_1708167856113194', '1117708261642965', '666', '2016-01-06 18:43:37', '2016-01-06 18:43:37', 1, 57, '2016-10-02 03:06:44', '2016-10-02 03:06:44'),
(549, '1649687745294539_1708167849446528', '1117708261642965', '5555', '2016-01-06 18:43:34', '2016-01-06 18:43:34', 1, 57, '2016-10-02 03:06:44', '2016-10-02 03:06:44'),
(550, '1649687745294539_1708167846113195', '1117708261642965', '5555', '2016-01-06 18:43:32', '2016-01-06 18:43:32', 1, 57, '2016-10-02 03:06:44', '2016-10-02 03:06:44'),
(551, '1649687745294539_1708167836113196', '1117708261642965', '55', '2016-01-06 18:43:29', '2016-01-06 18:43:29', 1, 57, '2016-10-02 03:06:44', '2016-10-02 03:06:44'),
(552, '1649687745294539_1708167822779864', '1117708261642965', '444', '2016-01-06 18:43:25', '2016-01-06 18:43:25', 1, 57, '2016-10-02 03:06:44', '2016-10-02 03:06:44'),
(553, '1649687745294539_1708167819446531', '1117708261642965', 'aaaaa', '2016-01-06 18:43:22', '2016-01-06 18:43:22', 1, 57, '2016-10-02 03:06:44', '2016-10-02 03:06:44'),
(554, '1649687745294539_1708167812779865', '1117708261642965', 'aaaaaa', '2016-01-06 18:43:19', '2016-01-06 18:43:19', 1, 57, '2016-10-02 03:06:44', '2016-10-02 03:06:44'),
(555, '1649687745294539_1708167789446534', '1117708261642965', 'a222', '2016-01-06 18:43:15', '2016-01-06 18:43:15', 1, 57, '2016-10-02 03:06:44', '2016-10-02 03:06:44'),
(556, '1649687745294539_1707827502813896', '1117708261642965', 'Mọi người hoàn thành công việc trong ngày nay nhé. Mai 8h họp phòng t ok?', '2016-01-05 12:48:18', '2016-01-05 12:48:18', 1, 57, '2016-10-02 03:06:44', '2016-10-02 03:06:44'),
(557, '1649687745294539_1707554216174558', '1117708261642965', 'tesst', '2016-01-04 14:39:20', '2016-01-04 14:40:32', 1, 57, '2016-10-02 03:06:44', '2016-10-02 03:06:44'),
(558, '1649687745294539_1707517632844883', '1117708261642965', 'Chào Tường, Đông, Thơ\n\nCuối cùng thì đề tài về Quản lý đoàn viên trên Facebook cũng được duyệt. Nhưng thời hạn để hoàn thành lại quá gấp. Trong vòng 1 tuần tới về cơ bản ta sẽ phải hoàn thành toàn bộ. Chi phí cho 2 bạn sẽ là 10 triệu (sẽ nhận được sau khi nghiệm thu xong hoàn toàn)\n\nMình note lại một số yêu cầu hệ thống, các bạn cố gắng hoàn thành giúp mình nhé. \n\nPhân quyền: 3 cấp: \n\n- BCH Đoàn Học viện\n\n- BCH Liên chi đoàn\n\n- Cán bộ chi đoàn. \n\nQuyền sẽ được gán bởi Admin, cấp cho account và gắn liền với account facebook của người dùng. Mỗi quyền sẽ gắn với việc được quản lý các account mức dưới. \n\nNgười dùng có thể dùng điện thoại di động Android hoặc web. \n\nCác chức năng: \n\n- Đăng ký nhóm mình quản lý. Tự động thu thập thông tin về các account facebook trong group đó và lưu vào CSDL. \n\n- Tự động thu thập thông tin public trong thời gian một tuần khi người dùng có yêu cầu. \n\n- Gửi thông báo (các thông tin về công tác đoàn): Chuyển cho các account ngay dưới mình và các group mình quản lý.\n\n- Lập báo cáo thống kê về tình hình sử dụng mạng xã hội của người dùng thuộc nhóm mình quản lý trong 1 tháng. Cho phép gửi báo cáo cho cán bộ cấp trên. \n\n- Thống kê các báo cáo nhận được từ cấp dưới và nhắc nhở các cá nhân chưa báo cáo. Nên có thông báo thời hạn báo cáo thường xuyên trên trang chủ của người dùng. \n\n- Gửi báo cáo về các vấn đề bất thưởng phát sinh (sinh viên trong chi đoàn có vấn đề về tư tưởng, sức khỏe, đề nghị giúp đỡ, giám sát ...). \n\n-  Gửi các câu hỏi cho cán bộ đoàn cấp trên. \n\nTrước mắt chưa cần hoàn thiện một cách hoành tráng đâu. Cũng chưa cần đưa vấn đề phân tích quan điểm vào (thực ra nó cũng khó áp dụng). Hai bạn chỉ cần cho nó chạy được cái đã. Cần làm rõ điều gì thì nhắn lại luôn cho mình biết nhé. \n\nCố gắng đến thứ 5 này demo được không? \n\nNgoài ra, chụp lại giúp mình các ảnh giao diện, CSDL, các biểu đồ usecase, kịch bản, biểu đồ lớp và biểu đồ tuần tự, biểu đồ gói ... (cái này nếu bận quá thì nhờ thêm tên nào đó làm giúp - vì cũng chỉ là đưa vào quyển cho nó đủ nội dung thôi)\n\nGiúp mình với nhé. \n\nNguyễn Mạnh Sơn', '2016-01-04 10:47:11', '2016-01-04 12:28:53', 1, 57, '2016-10-02 03:06:44', '2016-10-02 03:06:44'),
(559, '1649687745294539_1707483296181650', '1117708261642965', 'Thầy sơn vừa gọi bảo làm cái wweb thử nghiệm trên group và bắt comment của aiddos. Sư dụng phân tích quan điểm của Việt :3 tính đicacs bạn trong tuần này phải xog. Và có lương mấy triệu j đấy thầ bảo vậy. Thơ ơi hiện hết đi. Phân tích quan điểm để đông lo', '2016-01-04 07:16:22', '2016-01-04 10:03:45', 1, 57, '2016-10-02 03:06:44', '2016-10-02 03:06:44'),
(560, '1649687745294539_1661328187463828', '1185459388186688', 'Tình hình CSDL là dư này.mọi người cho ý kiến vs', '2015-07-24 20:57:49', '2015-12-28 08:16:18', 1, 57, '2016-10-02 03:06:44', '2016-10-02 03:06:44'),
(561, '1649687745294539_1699220333674613', '1117708261642965', 'Nguyễn Thơ Ngoco Co Ngo  đây là bản code cuối cùng nhé c vứt nó vào xamp  trong thư mục htdocs và dùng nebean mở ra và code tiếp nhé :D.\nCode giao diện đơn giản là cho 1 người đăng kí  đăng nhập :3 giao diện ntn hỏi Đông Nguyên  nhé :D', '2015-12-10 09:05:31', '2015-12-10 09:05:32', 1, 57, '2016-10-02 03:06:44', '2016-10-02 03:06:44'),
(562, '548960115147783_1169801546396967', '1117708261642965', '', '2016-09-16 21:07:39', '2016-09-16 21:07:40', 1, 58, '2016-10-02 15:36:57', '2016-10-02 15:36:57'),
(563, '548960115147783_1153741724669616', '1117708261642965', '', '2016-08-27 09:43:03', '2016-08-27 09:43:04', 1, 58, '2016-10-02 15:36:57', '2016-10-02 15:36:57'),
(564, '548960115147783_1120389218004867', '1117708261642965', 'https://drive.google.com/file/d/0B61vm6OTKWyQOGpSdXlvd1h1aUE/view?usp=sharing', '2016-07-10 23:45:36', '2016-07-10 23:45:43', 1, 58, '2016-10-02 15:36:57', '2016-10-02 15:36:57'),
(565, '548960115147783_1120136448030144', '1117708261642965', 'https://drive.google.com/file/d/0B61vm6OTKWyQS1owc1hqZjI2VWs/view?usp=sharing', '2016-07-10 15:15:03', '2016-07-10 15:15:03', 1, 58, '2016-10-02 15:36:57', '2016-10-02 15:36:57'),
(566, '548960115147783_1103819576328498', '1117708261642965', 'https://fptplay.net/xem-video/giang-ho-lang-tu-half-a-loaf-of-kungfu-574bec3817dc131dcf30e400.html', '2016-06-12 15:43:20', '2016-06-12 15:43:20', 1, 58, '2016-10-02 15:36:57', '2016-10-02 15:36:57'),
(567, '548960115147783_1074684122575377', '1117708261642965', 'http://30401.selcdn.com/aow/release/aow_release.apk?referrer=ym_tracking_id%3D5907758799891919627', '2016-04-23 09:19:16', '2016-04-23 09:19:16', 1, 58, '2016-10-02 15:36:57', '2016-10-02 15:36:57'),
(568, '548960115147783_1073804662663323', '1117708261642965', '', '2016-04-21 20:55:30', '2016-04-21 20:55:30', 1, 58, '2016-10-02 15:36:57', '2016-10-02 15:36:57'),
(569, '548960115147783_1071434042900385', '1117708261642965', '', '2016-04-17 19:24:10', '2016-04-17 19:24:10', 1, 58, '2016-10-02 15:36:57', '2016-10-02 15:36:57'),
(570, '548960115147783_1066263583417431', '1117708261642965', 'https://media.giphy.com/media/3oGRFcPEbrjF1ufCTe/giphy.gif', '2016-04-08 18:46:04', '2016-04-08 18:46:04', 1, 58, '2016-10-02 15:36:57', '2016-10-02 15:36:57'),
(571, '548960115147783_1034609766582813', '1117708261642965', '', '2016-02-21 11:44:17', '2016-02-21 11:44:17', 1, 58, '2016-10-02 15:36:57', '2016-10-02 15:36:57'),
(572, '548960115147783_1016868908356899', '1117708261642965', 'cdscsdcdscs', '2016-01-17 14:15:38', '2016-02-21 07:59:20', 1, 58, '2016-10-02 15:36:57', '2016-10-02 15:36:57'),
(573, '548960115147783_1032237593486697', '1117708261642965', 'https://www.facebook.com/PetsVn/videos/487823304758929/', '2016-02-16 19:43:53', '2016-02-16 19:43:53', 1, 58, '2016-10-02 15:36:57', '2016-10-02 15:36:57'),
(574, '548960115147783_1032229873487469', '1117708261642965', 'http://giphy.com/gifs/kitten-cat-gif-cats-gifs-hhjfuAcwCGFOM', '2016-02-16 19:23:32', '2016-02-16 19:23:32', 1, 58, '2016-10-02 15:36:57', '2016-10-02 15:36:57'),
(575, '548960115147783_1022952244415232', '1117708261642965', '', '2016-01-29 15:13:30', '2016-01-29 15:13:30', 1, 58, '2016-10-02 15:36:57', '2016-10-02 15:36:57'),
(576, '548960115147783_1006256576084799', '1117708261642965', '', '2015-12-28 09:03:43', '2015-12-28 09:03:43', 1, 58, '2016-10-02 15:36:57', '2016-10-02 15:36:57'),
(577, '548960115147783_1006256426084814', '1117708261642965', '', '2015-12-28 09:02:47', '2015-12-28 09:02:47', 1, 58, '2016-10-02 15:36:57', '2016-10-02 15:36:57'),
(578, '548960115147783_991444930899297', '1117708261642965', '', '2015-11-27 20:07:16', '2015-11-27 20:07:16', 1, 58, '2016-10-02 15:36:57', '2016-10-02 15:36:57'),
(579, '548960115147783_983855678324889', '1117708261642965', '', '2015-11-09 09:43:47', '2015-11-09 09:43:47', 1, 58, '2016-10-02 15:36:57', '2016-10-02 15:36:57'),
(580, '548960115147783_983831014994022', '1117708261642965', 'data ENGLISH Hiep', '2015-11-09 07:57:58', '2015-11-09 08:02:02', 1, 58, '2016-10-02 15:36:57', '2016-10-02 15:36:57'),
(581, '548960115147783_981128151930975', '1117708261642965', '', '2015-11-02 12:27:30', '2015-11-02 12:27:30', 1, 58, '2016-10-02 15:36:57', '2016-10-02 15:36:57'),
(582, '548960115147783_978797365497387', '1117708261642965', '', '2015-10-27 23:24:22', '2015-10-27 23:24:22', 1, 58, '2016-10-02 15:36:57', '2016-10-02 15:36:57');

-- --------------------------------------------------------

--
-- Table structure for table `groups`
--

CREATE TABLE IF NOT EXISTS `groups` (
  `GroupId` int(20) NOT NULL AUTO_INCREMENT,
  `FacebookGroupId` varchar(30) COLLATE utf8_unicode_ci NOT NULL,
  `Name` varchar(100) COLLATE utf8_unicode_ci NOT NULL,
  `Privacy` varchar(30) COLLATE utf8_unicode_ci DEFAULT NULL,
  `Description` varchar(500) COLLATE utf8_unicode_ci DEFAULT NULL,
  `Icon` varchar(100) COLLATE utf8_unicode_ci DEFAULT NULL,
  `Email` varchar(30) COLLATE utf8_unicode_ci DEFAULT NULL,
  `Owner` varchar(50) COLLATE utf8_unicode_ci DEFAULT NULL,
  `CreateGroupTime` timestamp NULL DEFAULT NULL,
  `CreateTime` timestamp NOT NULL DEFAULT '0000-00-00 00:00:00',
  `ParentGroupId` int(20) DEFAULT '0',
  PRIMARY KEY (`GroupId`)
) ENGINE=MyISAM  DEFAULT CHARSET=utf8 COLLATE=utf8_unicode_ci AUTO_INCREMENT=62 ;

--
-- Dumping data for table `groups`
--

INSERT INTO `groups` (`GroupId`, `FacebookGroupId`, `Name`, `Privacy`, `Description`, `Icon`, `Email`, `Owner`, `CreateGroupTime`, `CreateTime`, `ParentGroupId`) VALUES
(58, '548960115147783', 'Gà vật lộn', 'CLOSED', '', 'https://static.xx.fbcdn.net/rsrc.php/v2/y2/r/yOUyZI9bori.png', '548960115147783@groups.faceboo', '856760261071101', '0000-00-00 00:00:00', '2016-04-06 16:12:26', 0),
(57, '1649687745294539', 'Team work money', 'SECRET', '', 'https://static.xx.fbcdn.net/rsrc.php/v2/yM/r/tOv73myJSBM.png', '1649687745294539@groups.facebo', '856760261071101', '0000-00-00 00:00:00', '2016-04-05 18:03:44', 0),
(59, '1702859026636936', 'GroupDeTest', 'CLOSED', '', 'https://static.xx.fbcdn.net/rsrc.php/v2/y7/r/zo0PtfLnZLI.png', '1702859026636936@groups.facebo', '141151552894521', '0000-00-00 00:00:00', '2016-04-13 16:12:58', 0),
(60, '1428254904097873', 'Hội những người phát cuồng vì thầy Nguyễn Mạnh Hùng !!', 'OPEN', '', 'https://static.xx.fbcdn.net/rsrc.php/v3/ys/r/oRmDwZ76bCF.png', '1428254904097873@groups.facebo', '856760261071101', '0000-00-00 00:00:00', '2016-09-28 16:13:35', 0),
(61, '281161651982326', 'PTIT Algorithm', 'CLOSED', '', 'https://static.xx.fbcdn.net/rsrc.php/v3/yc/r/r6M6-y3LDAz.png', '281161651982326@groups.faceboo', '1222896191067115', '0000-00-00 00:00:00', '2016-10-02 03:23:58', 0);

-- --------------------------------------------------------

--
-- Table structure for table `groupuser`
--

CREATE TABLE IF NOT EXISTS `groupuser` (
  `GroupUserId` int(20) NOT NULL AUTO_INCREMENT,
  `Name` varchar(100) COLLATE utf8_unicode_ci NOT NULL,
  `Description` varchar(500) COLLATE utf8_unicode_ci DEFAULT NULL,
  `UserId` int(20) DEFAULT NULL,
  `CreateTime` timestamp NOT NULL DEFAULT '0000-00-00 00:00:00',
  `UpdateTime` timestamp NOT NULL DEFAULT '0000-00-00 00:00:00' ON UPDATE CURRENT_TIMESTAMP,
  PRIMARY KEY (`GroupUserId`),
  KEY `fk_groupuser_users_idx` (`UserId`)
) ENGINE=MyISAM  DEFAULT CHARSET=utf8 COLLATE=utf8_unicode_ci AUTO_INCREMENT=5 ;

--
-- Dumping data for table `groupuser`
--

INSERT INTO `groupuser` (`GroupUserId`, `Name`, `Description`, `UserId`, `CreateTime`, `UpdateTime`) VALUES
(1, 'D11CNPM', 'd11', 19, '2016-01-29 19:44:21', '2016-01-29 19:44:21'),
(4, 'DVTVT', '', 19, '2016-10-02 02:57:21', '2016-10-02 02:57:21');

-- --------------------------------------------------------

--
-- Table structure for table `inbox`
--

CREATE TABLE IF NOT EXISTS `inbox` (
  `InboxId` int(20) NOT NULL AUTO_INCREMENT,
  `FromUserId` int(20) DEFAULT NULL,
  `ToUserId` int(20) DEFAULT NULL,
  `Subject` varchar(50) COLLATE utf8_unicode_ci DEFAULT NULL,
  `Content` text COLLATE utf8_unicode_ci,
  `Status` varchar(50) COLLATE utf8_unicode_ci DEFAULT NULL,
  `Sentdate` timestamp NOT NULL DEFAULT '0000-00-00 00:00:00',
  `CreateTime` timestamp NOT NULL DEFAULT '0000-00-00 00:00:00',
  `UpdateTime` timestamp NOT NULL DEFAULT '0000-00-00 00:00:00' ON UPDATE CURRENT_TIMESTAMP,
  PRIMARY KEY (`InboxId`),
  KEY `fk_inbox_users_from_idx` (`FromUserId`),
  KEY `fk_inbox_users_to_idx` (`ToUserId`)
) ENGINE=MyISAM  DEFAULT CHARSET=utf8 COLLATE=utf8_unicode_ci AUTO_INCREMENT=51 ;

--
-- Dumping data for table `inbox`
--

INSERT INTO `inbox` (`InboxId`, `FromUserId`, `ToUserId`, `Subject`, `Content`, `Status`, `Sentdate`, `CreateTime`, `UpdateTime`) VALUES
(45, 19, 20, '[send test]', 'ok được rồi', '1', '2016-04-11 11:41:39', '2016-04-11 16:41:39', '2016-04-11 16:41:39'),
(46, 19, 18, '[send test]', 'ok được rồi', '1', '2016-04-11 11:41:39', '2016-04-11 16:41:39', '2016-04-11 16:41:39'),
(47, 18, 18, 'ac', 'test thử!', '1', '2016-04-11 11:52:29', '2016-04-11 16:52:29', '2016-04-11 16:52:29'),
(48, 19, 18, '[test lan 3]', 'câcscascascsacsacsacasc', '1', '2016-04-11 12:11:15', '2016-04-11 17:11:15', '2016-04-11 17:11:15'),
(49, 19, 20, '[send test new]', 'gửi toàn bộ user', '1', '2016-04-12 08:29:29', '2016-04-12 13:29:29', '2016-04-12 13:29:29'),
(50, 19, 18, '[send test new]', 'gửi toàn bộ user', '1', '2016-04-12 08:29:29', '2016-04-12 13:29:29', '2016-04-12 13:29:29');

-- --------------------------------------------------------

--
-- Table structure for table `members`
--

CREATE TABLE IF NOT EXISTS `members` (
  `MemberId` int(20) NOT NULL AUTO_INCREMENT,
  `FacebookIdMember` varchar(30) COLLATE utf8_unicode_ci NOT NULL,
  `Name` varchar(100) COLLATE utf8_unicode_ci NOT NULL,
  `Administrator` tinyint(1) DEFAULT NULL,
  `GroupId` int(20) DEFAULT NULL,
  `RealName` varchar(200) COLLATE utf8_unicode_ci DEFAULT NULL,
  `Address1` varchar(100) COLLATE utf8_unicode_ci DEFAULT NULL,
  `Address2` varchar(100) COLLATE utf8_unicode_ci DEFAULT NULL,
  `Birthday` datetime DEFAULT NULL,
  `PhoneNumber1` varchar(15) COLLATE utf8_unicode_ci DEFAULT NULL,
  `PhoneNumber2` varchar(15) COLLATE utf8_unicode_ci DEFAULT NULL,
  `Email` varchar(30) COLLATE utf8_unicode_ci DEFAULT NULL,
  `Gender` varchar(10) COLLATE utf8_unicode_ci DEFAULT NULL,
  `Class` varchar(100) COLLATE utf8_unicode_ci DEFAULT NULL,
  `School` varchar(100) COLLATE utf8_unicode_ci DEFAULT NULL,
  `FacebookLink` varchar(100) COLLATE utf8_unicode_ci DEFAULT NULL,
  `FacebookProfileId` varchar(100) COLLATE utf8_unicode_ci DEFAULT NULL,
  `CreateTime` timestamp NOT NULL DEFAULT '0000-00-00 00:00:00',
  `UpdateTime` timestamp NOT NULL DEFAULT '0000-00-00 00:00:00' ON UPDATE CURRENT_TIMESTAMP,
  PRIMARY KEY (`MemberId`),
  KEY `fk_members_groups_idx` (`GroupId`)
) ENGINE=MyISAM  DEFAULT CHARSET=utf8 COLLATE=utf8_unicode_ci AUTO_INCREMENT=422 ;

--
-- Dumping data for table `members`
--

INSERT INTO `members` (`MemberId`, `FacebookIdMember`, `Name`, `Administrator`, `GroupId`, `RealName`, `Address1`, `Address2`, `Birthday`, `PhoneNumber1`, `PhoneNumber2`, `Email`, `Gender`, `Class`, `School`, `FacebookLink`, `FacebookProfileId`, `CreateTime`, `UpdateTime`) VALUES
(1, '141151552894521', 'Loan Loan', 0, 60, '', '', '', '0000-00-00 00:00:00', '', '', '', '', '', '', '', '', '0000-00-00 00:00:00', '2016-09-28 16:13:35'),
(2, '1473930516252716', 'Ngoco Co Ngo', 1, 57, 'ABC2', 'ABC', 'ABC', '2016-09-09 00:00:00', '98632879345', '98632879345', 'triuewesd@yahoo.com', 'nam', 'D11CN7', 'PTIT', 'https://www.facebook.com/tritueviet01', '100002114043418', '0000-00-00 00:00:00', '2016-04-09 02:58:21'),
(3, '823428784432896', 'Nguyễn Thơ', 0, 60, '', '', '', '0000-00-00 00:00:00', '', '', '', '', '', '', '', '', '0000-00-00 00:00:00', '2016-09-28 16:13:35'),
(4, '919473994785230', 'Đông Nguyên', 1, 57, 'ABC4  test', 'ABC', 'ABC', '2016-09-11 00:00:00', '98632879347', '98632879347', 'triuewesd@yahoo.com', 'nam', 'D11CN9', 'PTIT', 'https://www.facebook.com/tritueviet01', '100002114043418', '0000-00-00 00:00:00', '2016-04-09 02:58:25'),
(5, '856760261071101', 'Tường Vũ', 1, 60, '', '', '', '0000-00-00 00:00:00', '', '', '', '', '', '', '', '', '0000-00-00 00:00:00', '2016-09-28 16:13:35'),
(189, '972611432818981', 'Long Pham', 0, 60, '', '', '', '0000-00-00 00:00:00', '', '', '', '', '', '', '', '', '0000-00-00 00:00:00', '2016-09-28 16:13:35'),
(190, '951620598240730', 'Trần Hải Đăng', 0, 60, '', '', '', '0000-00-00 00:00:00', '', '', '', '', '', '', '', '', '0000-00-00 00:00:00', '2016-09-28 16:13:35'),
(9, '343248109349973', 'Ngô An', 0, 60, '', '', '', '0000-00-00 00:00:00', '', '', '', '', '', '', '', '', '0000-00-00 00:00:00', '2016-09-28 16:13:35'),
(10, '1851305548431323', 'Bầu Trời', 0, 60, '', '', '', '0000-00-00 00:00:00', '', '', '', '', '', '', '', '', '0000-00-00 00:00:00', '2016-09-28 16:13:35'),
(171, '959027394206980', 'Hằng Thu', 0, 60, '', '', '', '0000-00-00 00:00:00', '', '', '', '', '', '', '', '', '0000-00-00 00:00:00', '2016-09-28 16:13:35'),
(172, '575507182633494', 'Minh Phuong', 0, 60, '', '', '', '0000-00-00 00:00:00', '', '', '', '', '', '', '', '', '0000-00-00 00:00:00', '2016-09-28 16:13:35'),
(6, '344217905912290', 'Việt Tuệ Trí', 0, 60, '', '', '', '0000-00-00 00:00:00', '', '', '', '', '', '', '', '', '0000-00-00 00:00:00', '2016-09-28 16:13:35'),
(7, '547277638799752', 'Linhh Lê', 0, 60, '', '', '', '0000-00-00 00:00:00', '', '', '', '', '', '', '', '', '0000-00-00 00:00:00', '2016-09-28 16:13:35'),
(8, '637909446369299', 'Vương Ngân', 0, 60, '', '', '', '0000-00-00 00:00:00', '', '', '', '', '', '', '', '', '0000-00-00 00:00:00', '2016-09-28 16:13:35'),
(11, '1221822011197007', 'Minh Tài', 0, 60, '', '', '', '0000-00-00 00:00:00', '', '', '', '', '', '', '', '', '0000-00-00 00:00:00', '2016-09-28 16:13:35'),
(12, '655368681296905', 'Köÿ', 0, 60, '', '', '', '0000-00-00 00:00:00', '', '', '', '', '', '', '', '', '0000-00-00 00:00:00', '2016-09-28 16:13:35'),
(13, '1029452877201510', 'Hiệp Lê', 0, 60, '', '', '', '0000-00-00 00:00:00', '', '', '', '', '', '', '', '', '0000-00-00 00:00:00', '2016-09-28 16:13:35'),
(14, '1163477200390440', 'Le Trung Thuong', 0, 60, '', '', '', '0000-00-00 00:00:00', '', '', '', '', '', '', '', '', '0000-00-00 00:00:00', '2016-09-28 16:13:35'),
(15, '665014553656498', 'Lê Nhunn', 0, 60, '', '', '', '0000-00-00 00:00:00', '', '', '', '', '', '', '', '', '0000-00-00 00:00:00', '2016-09-28 16:13:35'),
(16, '1170834992977714', 'GiaIn Trần', 0, 60, '', '', '', '0000-00-00 00:00:00', '', '', '', '', '', '', '', '', '0000-00-00 00:00:00', '2016-09-28 16:13:35'),
(17, '1769124160026876', 'Phạm Hải Yến', 0, 60, '', '', '', '0000-00-00 00:00:00', '', '', '', '', '', '', '', '', '0000-00-00 00:00:00', '2016-09-28 16:13:35'),
(18, '1079035235550764', 'Thanh Nguyen', 0, 60, '', '', '', '0000-00-00 00:00:00', '', '', '', '', '', '', '', '', '0000-00-00 00:00:00', '2016-09-28 16:13:35'),
(19, '862011347232322', 'Phạm Khang', 0, 60, '', '', '', '0000-00-00 00:00:00', '', '', '', '', '', '', '', '', '0000-00-00 00:00:00', '2016-09-28 16:13:35'),
(20, '567941456723255', 'Phúc Jeremy', 0, 60, '', '', '', '0000-00-00 00:00:00', '', '', '', '', '', '', '', '', '0000-00-00 00:00:00', '2016-09-28 16:13:35'),
(21, '777970742306275', 'Dương Nguyễn', 0, 60, '', '', '', '0000-00-00 00:00:00', '', '', '', '', '', '', '', '', '0000-00-00 00:00:00', '2016-09-28 16:13:35'),
(22, '1037997132983806', 'Trường Giang', 0, 60, '', '', '', '0000-00-00 00:00:00', '', '', '', '', '', '', '', '', '0000-00-00 00:00:00', '2016-09-28 16:13:35'),
(23, '10207146554886895', 'Huy Phạm', 0, 60, '', '', '', '0000-00-00 00:00:00', '', '', '', '', '', '', '', '', '0000-00-00 00:00:00', '2016-09-28 16:13:35'),
(24, '1013248195454517', 'Hai Lúa', 0, 60, '', '', '', '0000-00-00 00:00:00', '', '', '', '', '', '', '', '', '0000-00-00 00:00:00', '2016-09-28 16:13:35'),
(25, '507563592770521', 'Ngọc Anh', 0, 60, '', '', '', '0000-00-00 00:00:00', '', '', '', '', '', '', '', '', '0000-00-00 00:00:00', '2016-09-28 16:13:35'),
(26, '782423378526667', 'Trong Quy Nguyen', 0, 60, '', '', '', '0000-00-00 00:00:00', '', '', '', '', '', '', '', '', '0000-00-00 00:00:00', '2016-09-28 16:13:35'),
(27, '362108294121022', 'Vân Vân Anh', 0, 60, '', '', '', '0000-00-00 00:00:00', '', '', '', '', '', '', '', '', '0000-00-00 00:00:00', '2016-09-28 16:13:35'),
(28, '625466104292445', 'Nam Le Xuan', 0, 60, '', '', '', '0000-00-00 00:00:00', '', '', '', '', '', '', '', '', '0000-00-00 00:00:00', '2016-09-28 16:13:35'),
(29, '1770980013143687', 'Nguyễn Đình Tú', 0, 60, '', '', '', '0000-00-00 00:00:00', '', '', '', '', '', '', '', '', '0000-00-00 00:00:00', '2016-09-28 16:13:35'),
(30, '680700552089049', 'Nguyễn Duy Tùng', 0, 60, '', '', '', '0000-00-00 00:00:00', '', '', '', '', '', '', '', '', '0000-00-00 00:00:00', '2016-09-28 16:13:35'),
(31, '881292648674679', 'Hưng Nguyễn', 0, 60, '', '', '', '0000-00-00 00:00:00', '', '', '', '', '', '', '', '', '0000-00-00 00:00:00', '2016-09-28 16:13:35'),
(32, '885938851536980', 'Châu Lê', 0, 60, '', '', '', '0000-00-00 00:00:00', '', '', '', '', '', '', '', '', '0000-00-00 00:00:00', '2016-09-28 16:13:35'),
(33, '778510675622451', 'Hoàng Mạnh Quân', 0, 60, '', '', '', '0000-00-00 00:00:00', '', '', '', '', '', '', '', '', '0000-00-00 00:00:00', '2016-09-28 16:13:35'),
(34, '1201169549940858', 'Tuấn Thanh Cao', 0, 60, '', '', '', '0000-00-00 00:00:00', '', '', '', '', '', '', '', '', '0000-00-00 00:00:00', '2016-09-28 16:13:35'),
(35, '1654308418232828', 'Nguyễn Thảo', 0, 60, '', '', '', '0000-00-00 00:00:00', '', '', '', '', '', '', '', '', '0000-00-00 00:00:00', '2016-09-28 16:13:35'),
(36, '10205640332487208', 'Đặng Quang Huy', 0, 60, '', '', '', '0000-00-00 00:00:00', '', '', '', '', '', '', '', '', '0000-00-00 00:00:00', '2016-09-28 16:13:35'),
(37, '1822130888006874', 'Vũ Tuyên Hoàng', 0, 60, '', '', '', '0000-00-00 00:00:00', '', '', '', '', '', '', '', '', '0000-00-00 00:00:00', '2016-09-28 16:13:35'),
(38, '678353695654114', 'Hoat Quy Bui', 0, 60, '', '', '', '0000-00-00 00:00:00', '', '', '', '', '', '', '', '', '0000-00-00 00:00:00', '2016-09-28 16:13:35'),
(39, '527173300808608', 'Hằng Lê', 0, 60, '', '', '', '0000-00-00 00:00:00', '', '', '', '', '', '', '', '', '0000-00-00 00:00:00', '2016-09-28 16:13:35'),
(40, '911555465654798', 'Hải Yến', 0, 60, '', '', '', '0000-00-00 00:00:00', '', '', '', '', '', '', '', '', '0000-00-00 00:00:00', '2016-09-28 16:13:35'),
(41, '667666980066542', 'Huyền Nguyễn', 0, 60, '', '', '', '0000-00-00 00:00:00', '', '', '', '', '', '', '', '', '0000-00-00 00:00:00', '2016-09-28 16:13:35'),
(42, '1111608128928828', 'Tất Giáp Nguyễn', 0, 60, '', '', '', '0000-00-00 00:00:00', '', '', '', '', '', '', '', '', '0000-00-00 00:00:00', '2016-09-28 16:13:35'),
(43, '1616910121941402', 'Đinh Quỳnh', 0, 60, '', '', '', '0000-00-00 00:00:00', '', '', '', '', '', '', '', '', '0000-00-00 00:00:00', '2016-09-28 16:13:35'),
(44, '746910665438923', 'Ninh Đức Quyền', 0, 60, '', '', '', '0000-00-00 00:00:00', '', '', '', '', '', '', '', '', '0000-00-00 00:00:00', '2016-09-28 16:13:35'),
(45, '909522379191502', 'Tung Quang', 0, 60, '', '', '', '0000-00-00 00:00:00', '', '', '', '', '', '', '', '', '0000-00-00 00:00:00', '2016-09-28 16:13:35'),
(46, '977252605714103', 'Bong Bóng Xà Phòng', 0, 60, '', '', '', '0000-00-00 00:00:00', '', '', '', '', '', '', '', '', '0000-00-00 00:00:00', '2016-09-28 16:13:35'),
(47, '1468654013148388', 'Thanh Văn Lê', 0, 60, '', '', '', '0000-00-00 00:00:00', '', '', '', '', '', '', '', '', '0000-00-00 00:00:00', '2016-09-28 16:13:35'),
(48, '1089298691185101', 'Tung Thanh Ha', 0, 60, '', '', '', '0000-00-00 00:00:00', '', '', '', '', '', '', '', '', '0000-00-00 00:00:00', '2016-09-28 16:13:35'),
(49, '693254157496740', 'mạch thị hải', 0, 60, '', '', '', '0000-00-00 00:00:00', '', '', '', '', '', '', '', '', '0000-00-00 00:00:00', '2016-09-28 16:13:35'),
(50, '639399802888890', 'Xu Trang', 0, 60, '', '', '', '0000-00-00 00:00:00', '', '', '', '', '', '', '', '', '0000-00-00 00:00:00', '2016-09-28 16:13:35'),
(51, '919703404840697', 'Đình Nguyễn Minh', 0, 60, '', '', '', '0000-00-00 00:00:00', '', '', '', '', '', '', '', '', '0000-00-00 00:00:00', '2016-09-28 16:13:35'),
(52, '961268800685292', 'Anh Quan', 0, 60, '', '', '', '0000-00-00 00:00:00', '', '', '', '', '', '', '', '', '0000-00-00 00:00:00', '2016-09-28 16:13:35'),
(53, '1065079350279061', 'Tuan Quach', 0, 60, '', '', '', '0000-00-00 00:00:00', '', '', '', '', '', '', '', '', '0000-00-00 00:00:00', '2016-09-28 16:13:35'),
(54, '1099698540096224', 'Tuan Ng', 0, 60, '', '', '', '0000-00-00 00:00:00', '', '', '', '', '', '', '', '', '0000-00-00 00:00:00', '2016-09-28 16:13:35'),
(55, '1627934900832481', 'Nguyễn Văn Hà', 0, 60, '', '', '', '0000-00-00 00:00:00', '', '', '', '', '', '', '', '', '0000-00-00 00:00:00', '2016-09-28 16:13:35'),
(56, '1651517311826193', 'Trang Kieu', 0, 60, '', '', '', '0000-00-00 00:00:00', '', '', '', '', '', '', '', '', '0000-00-00 00:00:00', '2016-09-28 16:13:35'),
(57, '1124183621002634', 'Dương Tuyết Trinh', 0, 60, '', '', '', '0000-00-00 00:00:00', '', '', '', '', '', '', '', '', '0000-00-00 00:00:00', '2016-09-28 16:13:35'),
(58, '704613063024537', 'Bình Thường', 0, 60, '', '', '', '0000-00-00 00:00:00', '', '', '', '', '', '', '', '', '0000-00-00 00:00:00', '2016-09-28 16:13:35'),
(59, '1648664988779656', 'Đức Nguyễn', 0, 60, '', '', '', '0000-00-00 00:00:00', '', '', '', '', '', '', '', '', '0000-00-00 00:00:00', '2016-09-28 16:13:35'),
(60, '961241720688613', 'Kiều Thủy', 0, 60, '', '', '', '0000-00-00 00:00:00', '', '', '', '', '', '', '', '', '0000-00-00 00:00:00', '2016-09-28 16:13:35'),
(61, '1821772374776154', 'Lê Thảo', 0, 60, '', '', '', '0000-00-00 00:00:00', '', '', '', '', '', '', '', '', '0000-00-00 00:00:00', '2016-09-28 16:13:35'),
(62, '692159160941023', 'Trần Linh', 0, 60, '', '', '', '0000-00-00 00:00:00', '', '', '', '', '', '', '', '', '0000-00-00 00:00:00', '2016-09-28 16:13:35'),
(63, '1070821403033793', 'Lê Đức Nghĩa', 0, 60, '', '', '', '0000-00-00 00:00:00', '', '', '', '', '', '', '', '', '0000-00-00 00:00:00', '2016-09-28 16:13:35'),
(64, '1270888236308671', 'Dao Bau', 0, 60, '', '', '', '0000-00-00 00:00:00', '', '', '', '', '', '', '', '', '0000-00-00 00:00:00', '2016-09-28 16:13:35'),
(65, '1082960411817961', 'Phượng Đỗ Thị', 0, 60, '', '', '', '0000-00-00 00:00:00', '', '', '', '', '', '', '', '', '0000-00-00 00:00:00', '2016-09-28 16:13:35'),
(66, '936942399744182', 'Thành', 0, 60, '', '', '', '0000-00-00 00:00:00', '', '', '', '', '', '', '', '', '0000-00-00 00:00:00', '2016-09-28 16:13:35'),
(67, '722089667943501', 'Nguyễn Duy', 0, 60, '', '', '', '0000-00-00 00:00:00', '', '', '', '', '', '', '', '', '0000-00-00 00:00:00', '2016-09-28 16:13:35'),
(68, '1260484667336841', 'Phố Nhà Chung', 0, 60, '', '', '', '0000-00-00 00:00:00', '', '', '', '', '', '', '', '', '0000-00-00 00:00:00', '2016-09-28 16:13:35'),
(69, '1298341190177191', 'Dat Đủng Đỉnh', 0, 60, '', '', '', '0000-00-00 00:00:00', '', '', '', '', '', '', '', '', '0000-00-00 00:00:00', '2016-09-28 16:13:35'),
(70, '906050409539714', 'Tra le Thanh', 0, 60, '', '', '', '0000-00-00 00:00:00', '', '', '', '', '', '', '', '', '0000-00-00 00:00:00', '2016-09-28 16:13:35'),
(71, '1072876506152861', 'Ngoc Diem', 0, 60, '', '', '', '0000-00-00 00:00:00', '', '', '', '', '', '', '', '', '0000-00-00 00:00:00', '2016-09-28 16:13:35'),
(72, '10209330134003485', 'Dương Du Viên', 0, 60, '', '', '', '0000-00-00 00:00:00', '', '', '', '', '', '', '', '', '0000-00-00 00:00:00', '2016-09-28 16:13:35'),
(73, '1779024302309559', 'Nguyễn Giang', 0, 60, '', '', '', '0000-00-00 00:00:00', '', '', '', '', '', '', '', '', '0000-00-00 00:00:00', '2016-09-28 16:13:35'),
(74, '951470924982317', 'Lệ Thảo', 0, 60, '', '', '', '0000-00-00 00:00:00', '', '', '', '', '', '', '', '', '0000-00-00 00:00:00', '2016-09-28 16:13:35'),
(75, '1774777019459344', 'Phòng Vé Phú An', 0, 60, '', '', '', '0000-00-00 00:00:00', '', '', '', '', '', '', '', '', '0000-00-00 00:00:00', '2016-09-28 16:13:35'),
(76, '579340295606728', 'Lan Nhi', 0, 60, '', '', '', '0000-00-00 00:00:00', '', '', '', '', '', '', '', '', '0000-00-00 00:00:00', '2016-09-28 16:13:35'),
(77, '980452872064109', 'Nguyễn Quyên', 0, 60, '', '', '', '0000-00-00 00:00:00', '', '', '', '', '', '', '', '', '0000-00-00 00:00:00', '2016-09-28 16:13:35'),
(78, '905903042873351', 'Quan Viet Nguyen', 0, 60, '', '', '', '0000-00-00 00:00:00', '', '', '', '', '', '', '', '', '0000-00-00 00:00:00', '2016-09-28 16:13:35'),
(79, '964030413707308', 'Minh Tường', 0, 60, '', '', '', '0000-00-00 00:00:00', '', '', '', '', '', '', '', '', '0000-00-00 00:00:00', '2016-09-28 16:13:35'),
(80, '1795120554105862', 'Hợp Tấn', 0, 60, '', '', '', '0000-00-00 00:00:00', '', '', '', '', '', '', '', '', '0000-00-00 00:00:00', '2016-09-28 16:13:35'),
(81, '1756538481266011', 'Huy Nguyen Xuan', 0, 60, '', '', '', '0000-00-00 00:00:00', '', '', '', '', '', '', '', '', '0000-00-00 00:00:00', '2016-09-28 16:13:35'),
(82, '1084182218370097', 'Lê Thùy Linh', 0, 60, '', '', '', '0000-00-00 00:00:00', '', '', '', '', '', '', '', '', '0000-00-00 00:00:00', '2016-09-28 16:13:35'),
(83, '1087077461405669', 'Nguyễn Cường', 0, 60, '', '', '', '0000-00-00 00:00:00', '', '', '', '', '', '', '', '', '0000-00-00 00:00:00', '2016-09-28 16:13:35'),
(84, '898129750317482', 'Nam Thắng', 0, 60, '', '', '', '0000-00-00 00:00:00', '', '', '', '', '', '', '', '', '0000-00-00 00:00:00', '2016-09-28 16:13:35'),
(85, '1425161740846733', 'Thu Hang Nguyen', 0, 60, '', '', '', '0000-00-00 00:00:00', '', '', '', '', '', '', '', '', '0000-00-00 00:00:00', '2016-09-28 16:13:35'),
(86, '650453098450664', 'Nguyen Thu Hien', 0, 60, '', '', '', '0000-00-00 00:00:00', '', '', '', '', '', '', '', '', '0000-00-00 00:00:00', '2016-09-28 16:13:35'),
(87, '813098658836840', 'Trần Quang Hiệp', 0, 60, '', '', '', '0000-00-00 00:00:00', '', '', '', '', '', '', '', '', '0000-00-00 00:00:00', '2016-09-28 16:13:35'),
(88, '720434144780109', 'Thành Trung', 0, 60, '', '', '', '0000-00-00 00:00:00', '', '', '', '', '', '', '', '', '0000-00-00 00:00:00', '2016-09-28 16:13:35'),
(89, '1030969667014354', 'Lê Đức Hùng', 0, 60, '', '', '', '0000-00-00 00:00:00', '', '', '', '', '', '', '', '', '0000-00-00 00:00:00', '2016-09-28 16:13:35'),
(90, '1115349791887946', 'Nguyễn Hoa', 0, 60, '', '', '', '0000-00-00 00:00:00', '', '', '', '', '', '', '', '', '0000-00-00 00:00:00', '2016-09-28 16:13:35'),
(91, '887580994708285', 'Minh Đức', 0, 60, '', '', '', '0000-00-00 00:00:00', '', '', '', '', '', '', '', '', '0000-00-00 00:00:00', '2016-09-28 16:13:35'),
(92, '1795280300686597', 'Các Đại Ca', 0, 60, '', '', '', '0000-00-00 00:00:00', '', '', '', '', '', '', '', '', '0000-00-00 00:00:00', '2016-09-28 16:13:35'),
(93, '859080567561390', 'Huong Lee', 0, 60, '', '', '', '0000-00-00 00:00:00', '', '', '', '', '', '', '', '', '0000-00-00 00:00:00', '2016-09-28 16:13:35'),
(94, '1417000948328475', 'Nguyễn Văn Đức', 0, 60, '', '', '', '0000-00-00 00:00:00', '', '', '', '', '', '', '', '', '0000-00-00 00:00:00', '2016-09-28 16:13:35'),
(95, '1104063946336496', 'Trần Quang Khải', 0, 60, '', '', '', '0000-00-00 00:00:00', '', '', '', '', '', '', '', '', '0000-00-00 00:00:00', '2016-09-28 16:13:35'),
(96, '1763171170618201', 'Kiên Trần', 0, 60, '', '', '', '0000-00-00 00:00:00', '', '', '', '', '', '', '', '', '0000-00-00 00:00:00', '2016-09-28 16:13:35'),
(97, '1783746778563604', 'Chung Văn', 0, 60, '', '', '', '0000-00-00 00:00:00', '', '', '', '', '', '', '', '', '0000-00-00 00:00:00', '2016-09-28 16:13:35'),
(98, '1028923297216214', 'Nguyễn Văn Huân', 0, 60, '', '', '', '0000-00-00 00:00:00', '', '', '', '', '', '', '', '', '0000-00-00 00:00:00', '2016-09-28 16:13:35'),
(99, '1813754635534182', 'An Thu Thảo', 0, 60, '', '', '', '0000-00-00 00:00:00', '', '', '', '', '', '', '', '', '0000-00-00 00:00:00', '2016-09-28 16:13:35'),
(100, '1360622533965072', 'Thuan Do Duc', 0, 60, '', '', '', '0000-00-00 00:00:00', '', '', '', '', '', '', '', '', '0000-00-00 00:00:00', '2016-09-28 16:13:35'),
(101, '1769215630030810', 'Diễm Vũ', 0, 60, '', '', '', '0000-00-00 00:00:00', '', '', '', '', '', '', '', '', '0000-00-00 00:00:00', '2016-09-28 16:13:35'),
(102, '1056578351121363', 'Pich Phi', 0, 60, '', '', '', '0000-00-00 00:00:00', '', '', '', '', '', '', '', '', '0000-00-00 00:00:00', '2016-09-28 16:13:35'),
(103, '967687863342848', 'Lien Lien Dang', 0, 60, '', '', '', '0000-00-00 00:00:00', '', '', '', '', '', '', '', '', '0000-00-00 00:00:00', '2016-09-28 16:13:35'),
(104, '10210415690210356', 'Cuong Pham', 0, 60, '', '', '', '0000-00-00 00:00:00', '', '', '', '', '', '', '', '', '0000-00-00 00:00:00', '2016-09-28 16:13:35'),
(105, '1091958407585973', 'Dương Tiến Đỗ', 0, 60, '', '', '', '0000-00-00 00:00:00', '', '', '', '', '', '', '', '', '0000-00-00 00:00:00', '2016-09-28 16:13:35'),
(106, '951900781603983', 'Bùi Hồng Sơn', 0, 60, '', '', '', '0000-00-00 00:00:00', '', '', '', '', '', '', '', '', '0000-00-00 00:00:00', '2016-09-28 16:13:35'),
(107, '1409043755791682', 'Ngô Lan Hoa', 0, 60, '', '', '', '0000-00-00 00:00:00', '', '', '', '', '', '', '', '', '0000-00-00 00:00:00', '2016-09-28 16:13:35'),
(108, '1286384314714707', 'Tiến An', 0, 60, '', '', '', '0000-00-00 00:00:00', '', '', '', '', '', '', '', '', '0000-00-00 00:00:00', '2016-09-28 16:13:35'),
(109, '897544367044682', 'ThuHương Nguyễn', 0, 60, '', '', '', '0000-00-00 00:00:00', '', '', '', '', '', '', '', '', '0000-00-00 00:00:00', '2016-09-28 16:13:35'),
(110, '1133640823389858', 'Đào Hoàng Tiến', 0, 60, '', '', '', '0000-00-00 00:00:00', '', '', '', '', '', '', '', '', '0000-00-00 00:00:00', '2016-09-28 16:13:35'),
(111, '1212518258771479', 'Mai Thu Nga', 0, 60, '', '', '', '0000-00-00 00:00:00', '', '', '', '', '', '', '', '', '0000-00-00 00:00:00', '2016-09-28 16:13:35'),
(112, '676554155834257', 'Ssd Ptit', 0, 60, '', '', '', '0000-00-00 00:00:00', '', '', '', '', '', '', '', '', '0000-00-00 00:00:00', '2016-09-28 16:13:35'),
(113, '981736188639606', 'Nguyễn Huệ', 0, 60, '', '', '', '0000-00-00 00:00:00', '', '', '', '', '', '', '', '', '0000-00-00 00:00:00', '2016-09-28 16:13:35'),
(114, '955309974595585', 'Phuong Tran', 0, 60, '', '', '', '0000-00-00 00:00:00', '', '', '', '', '', '', '', '', '0000-00-00 00:00:00', '2016-09-28 16:13:35'),
(115, '1109217899118541', 'Trần Văn Nhất', 0, 60, '', '', '', '0000-00-00 00:00:00', '', '', '', '', '', '', '', '', '0000-00-00 00:00:00', '2016-09-28 16:13:35'),
(116, '1854435681436091', 'Yến Hoa', 0, 60, '', '', '', '0000-00-00 00:00:00', '', '', '', '', '', '', '', '', '0000-00-00 00:00:00', '2016-09-28 16:13:35'),
(117, '731785950293313', 'Vũ Văn Dũng', 0, 60, '', '', '', '0000-00-00 00:00:00', '', '', '', '', '', '', '', '', '0000-00-00 00:00:00', '2016-09-28 16:13:35'),
(118, '776067452498588', 'Giang', 0, 60, '', '', '', '0000-00-00 00:00:00', '', '', '', '', '', '', '', '', '0000-00-00 00:00:00', '2016-09-28 16:13:35'),
(119, '10204273422234996', 'Dang Hoang', 0, 60, '', '', '', '0000-00-00 00:00:00', '', '', '', '', '', '', '', '', '0000-00-00 00:00:00', '2016-09-28 16:13:35'),
(120, '948369701976079', 'Nguyên Thảo', 0, 60, '', '', '', '0000-00-00 00:00:00', '', '', '', '', '', '', '', '', '0000-00-00 00:00:00', '2016-09-28 16:13:35'),
(121, '1057132091051028', 'Nguyễn Hoàng Sơn', 0, 60, '', '', '', '0000-00-00 00:00:00', '', '', '', '', '', '', '', '', '0000-00-00 00:00:00', '2016-09-28 16:13:35'),
(122, '1154299737921303', 'Thiệu Nguyễn', 0, 60, '', '', '', '0000-00-00 00:00:00', '', '', '', '', '', '', '', '', '0000-00-00 00:00:00', '2016-09-28 16:13:35'),
(123, '1315765778433670', 'Steven Lee', 0, 60, '', '', '', '0000-00-00 00:00:00', '', '', '', '', '', '', '', '', '0000-00-00 00:00:00', '2016-09-28 16:13:35'),
(124, '1192728414156945', 'Hậu Hóm Hỉnh', 0, 60, '', '', '', '0000-00-00 00:00:00', '', '', '', '', '', '', '', '', '0000-00-00 00:00:00', '2016-09-28 16:13:35'),
(125, '1729344873992579', 'Tuấn Nguyễn', 0, 60, '', '', '', '0000-00-00 00:00:00', '', '', '', '', '', '', '', '', '0000-00-00 00:00:00', '2016-09-28 16:13:35'),
(126, '522730521222132', 'Thành Đạt Mai', 0, 60, '', '', '', '0000-00-00 00:00:00', '', '', '', '', '', '', '', '', '0000-00-00 00:00:00', '2016-09-28 16:13:35'),
(127, '10210723780121763', 'Dương Khánh Chương', 0, 60, '', '', '', '0000-00-00 00:00:00', '', '', '', '', '', '', '', '', '0000-00-00 00:00:00', '2016-09-28 16:13:35'),
(128, '818340748311799', 'Nguyễn Ngọc Anh', 0, 60, '', '', '', '0000-00-00 00:00:00', '', '', '', '', '', '', '', '', '0000-00-00 00:00:00', '2016-09-28 16:13:35'),
(129, '1170437119692976', 'Phạm Thế Duyệt', 0, 60, '', '', '', '0000-00-00 00:00:00', '', '', '', '', '', '', '', '', '0000-00-00 00:00:00', '2016-09-28 16:13:35'),
(130, '1198459770215685', 'Lê Thị Hồng Hạnh', 0, 60, '', '', '', '0000-00-00 00:00:00', '', '', '', '', '', '', '', '', '0000-00-00 00:00:00', '2016-09-28 16:13:35'),
(131, '1194025443995448', 'Quý Tiến', 0, 60, '', '', '', '0000-00-00 00:00:00', '', '', '', '', '', '', '', '', '0000-00-00 00:00:00', '2016-09-28 16:13:35'),
(132, '1061480573970960', 'Thúy Hằng Nguyễn', 0, 60, '', '', '', '0000-00-00 00:00:00', '', '', '', '', '', '', '', '', '0000-00-00 00:00:00', '2016-09-28 16:13:35'),
(133, '1393733430671248', 'Nguyễn Bá Ngọc', 0, 60, '', '', '', '0000-00-00 00:00:00', '', '', '', '', '', '', '', '', '0000-00-00 00:00:00', '2016-09-28 16:13:35'),
(134, '1755252924708420', 'Nguyễn Thế Toán', 0, 60, '', '', '', '0000-00-00 00:00:00', '', '', '', '', '', '', '', '', '0000-00-00 00:00:00', '2016-09-28 16:13:35'),
(135, '1232698483504657', 'Lê Đức Bảy', 0, 60, '', '', '', '0000-00-00 00:00:00', '', '', '', '', '', '', '', '', '0000-00-00 00:00:00', '2016-09-28 16:13:35'),
(136, '1075606885886584', 'Hoàng Văn Công', 0, 60, '', '', '', '0000-00-00 00:00:00', '', '', '', '', '', '', '', '', '0000-00-00 00:00:00', '2016-09-28 16:13:35'),
(137, '1058848630895190', 'Phuong Tran', 0, 60, '', '', '', '0000-00-00 00:00:00', '', '', '', '', '', '', '', '', '0000-00-00 00:00:00', '2016-09-28 16:13:35'),
(138, '693513994134544', 'Hương Hương', 0, 60, '', '', '', '0000-00-00 00:00:00', '', '', '', '', '', '', '', '', '0000-00-00 00:00:00', '2016-09-28 16:13:35'),
(139, '1078854582230536', 'Ngọc Bùi Thị', 0, 60, '', '', '', '0000-00-00 00:00:00', '', '', '', '', '', '', '', '', '0000-00-00 00:00:00', '2016-09-28 16:13:35'),
(140, '1054140241369892', 'Tuyệt Cú Mèo', 0, 60, '', '', '', '0000-00-00 00:00:00', '', '', '', '', '', '', '', '', '0000-00-00 00:00:00', '2016-09-28 16:13:35'),
(141, '1837354216405429', 'Tao Tên Sáng', 0, 60, '', '', '', '0000-00-00 00:00:00', '', '', '', '', '', '', '', '', '0000-00-00 00:00:00', '2016-09-28 16:13:35'),
(142, '1212399852150879', 'Duy Racer', 0, 60, '', '', '', '0000-00-00 00:00:00', '', '', '', '', '', '', '', '', '0000-00-00 00:00:00', '2016-09-28 16:13:35'),
(143, '1050520681733879', 'Nguyễn Thu Thảo', 0, 60, '', '', '', '0000-00-00 00:00:00', '', '', '', '', '', '', '', '', '0000-00-00 00:00:00', '2016-09-28 16:13:35'),
(144, '1038213652941132', 'Alonely Distar', 0, 60, '', '', '', '0000-00-00 00:00:00', '', '', '', '', '', '', '', '', '0000-00-00 00:00:00', '2016-09-28 16:13:35'),
(145, '1415953485085794', 'Hán Việt Hưng', 0, 60, '', '', '', '0000-00-00 00:00:00', '', '', '', '', '', '', '', '', '0000-00-00 00:00:00', '2016-09-28 16:13:35'),
(146, '1031875703596328', 'Ngọn Hải Đăng', 0, 60, '', '', '', '0000-00-00 00:00:00', '', '', '', '', '', '', '', '', '0000-00-00 00:00:00', '2016-09-28 16:13:35'),
(147, '994944257284559', 'Đức Khả Lê', 0, 60, '', '', '', '0000-00-00 00:00:00', '', '', '', '', '', '', '', '', '0000-00-00 00:00:00', '2016-09-28 16:13:35'),
(148, '969305599844763', 'Phạm Xuân Quyền', 0, 60, '', '', '', '0000-00-00 00:00:00', '', '', '', '', '', '', '', '', '0000-00-00 00:00:00', '2016-09-28 16:13:35'),
(149, '875499055883289', 'Ancol Lát', 0, 60, '', '', '', '0000-00-00 00:00:00', '', '', '', '', '', '', '', '', '0000-00-00 00:00:00', '2016-09-28 16:13:35'),
(150, '1354718611235098', 'Vinh Huy Tran', 0, 60, '', '', '', '0000-00-00 00:00:00', '', '', '', '', '', '', '', '', '0000-00-00 00:00:00', '2016-09-28 16:13:35'),
(151, '1109041082543345', 'Hung Ta', 0, 60, '', '', '', '0000-00-00 00:00:00', '', '', '', '', '', '', '', '', '0000-00-00 00:00:00', '2016-09-28 16:13:35'),
(152, '1099210436815492', 'Đạt Nguyễn Tiến', 0, 60, '', '', '', '0000-00-00 00:00:00', '', '', '', '', '', '', '', '', '0000-00-00 00:00:00', '2016-09-28 16:13:35'),
(153, '742601532545161', 'Nguyễn Duy', 0, 60, '', '', '', '0000-00-00 00:00:00', '', '', '', '', '', '', '', '', '0000-00-00 00:00:00', '2016-09-28 16:13:35'),
(154, '1045627108883289', 'Minh Sáng', 0, 60, '', '', '', '0000-00-00 00:00:00', '', '', '', '', '', '', '', '', '0000-00-00 00:00:00', '2016-09-28 16:13:35'),
(155, '998505686927164', 'Lê Quý Dương', 0, 60, '', '', '', '0000-00-00 00:00:00', '', '', '', '', '', '', '', '', '0000-00-00 00:00:00', '2016-09-28 16:13:35'),
(156, '1091810000932165', 'Vuong Le', 0, 60, '', '', '', '0000-00-00 00:00:00', '', '', '', '', '', '', '', '', '0000-00-00 00:00:00', '2016-09-28 16:13:35'),
(157, '975541419224965', 'Lan Anh Đỗ', 0, 60, '', '', '', '0000-00-00 00:00:00', '', '', '', '', '', '', '', '', '0000-00-00 00:00:00', '2016-09-28 16:13:35'),
(158, '1041429145976793', 'Tú Anh Lê', 0, 60, '', '', '', '0000-00-00 00:00:00', '', '', '', '', '', '', '', '', '0000-00-00 00:00:00', '2016-09-28 16:13:35'),
(159, '1466452516714541', 'Nguyễn Xuân Nguyên', 0, 60, '', '', '', '0000-00-00 00:00:00', '', '', '', '', '', '', '', '', '0000-00-00 00:00:00', '2016-09-28 16:13:35'),
(160, '1053952984717779', 'Thành Lê', 0, 60, '', '', '', '0000-00-00 00:00:00', '', '', '', '', '', '', '', '', '0000-00-00 00:00:00', '2016-09-28 16:13:35'),
(161, '1056605857790223', 'Ngọc Quý Trần', 0, 60, '', '', '', '0000-00-00 00:00:00', '', '', '', '', '', '', '', '', '0000-00-00 00:00:00', '2016-09-28 16:13:35'),
(162, '912851138827040', 'Nguyễn Viết Hưng', 0, 60, '', '', '', '0000-00-00 00:00:00', '', '', '', '', '', '', '', '', '0000-00-00 00:00:00', '2016-09-28 16:13:35'),
(163, '1067578923357625', 'Cá Cơm', 0, 60, '', '', '', '0000-00-00 00:00:00', '', '', '', '', '', '', '', '', '0000-00-00 00:00:00', '2016-09-28 16:13:35'),
(164, '1059734477476351', 'Ốc Sên', 0, 60, '', '', '', '0000-00-00 00:00:00', '', '', '', '', '', '', '', '', '0000-00-00 00:00:00', '2016-09-28 16:13:35'),
(165, '1044997652281669', 'Đinh Văn Quý', 0, 60, '', '', '', '0000-00-00 00:00:00', '', '', '', '', '', '', '', '', '0000-00-00 00:00:00', '2016-09-28 16:13:35'),
(166, '481384128733388', 'Đào Duy Đạt', 0, 60, '', '', '', '0000-00-00 00:00:00', '', '', '', '', '', '', '', '', '0000-00-00 00:00:00', '2016-09-28 16:13:35'),
(167, '1215252261870407', 'Phạm Tân', 0, 60, '', '', '', '0000-00-00 00:00:00', '', '', '', '', '', '', '', '', '0000-00-00 00:00:00', '2016-09-28 16:13:35'),
(168, '950365161713458', 'Đô Thị Hương', 0, 60, '', '', '', '0000-00-00 00:00:00', '', '', '', '', '', '', '', '', '0000-00-00 00:00:00', '2016-09-28 16:13:35'),
(169, '1250341881648554', 'Bùi Kiên', 0, 60, '', '', '', '0000-00-00 00:00:00', '', '', '', '', '', '', '', '', '0000-00-00 00:00:00', '2016-09-28 16:13:35'),
(170, '947402518698290', 'Tuấn Anh Nguyễn', 0, 60, '', '', '', '0000-00-00 00:00:00', '', '', '', '', '', '', '', '', '0000-00-00 00:00:00', '2016-09-28 16:13:35'),
(173, '533780430128133', 'Bố Đốp', 0, 60, '', '', '', '0000-00-00 00:00:00', '', '', '', '', '', '', '', '', '0000-00-00 00:00:00', '2016-09-28 16:13:35'),
(174, '1119884771460088', 'Robb Thành', 0, 60, '', '', '', '0000-00-00 00:00:00', '', '', '', '', '', '', '', '', '0000-00-00 00:00:00', '2016-09-28 16:13:35'),
(175, '1057008667745800', 'Trần Thanh Xuân', 0, 60, '', '', '', '0000-00-00 00:00:00', '', '', '', '', '', '', '', '', '0000-00-00 00:00:00', '2016-09-28 16:13:35'),
(176, '1704698343145308', 'Duc Nguyen', 0, 60, '', '', '', '0000-00-00 00:00:00', '', '', '', '', '', '', '', '', '0000-00-00 00:00:00', '2016-09-28 16:13:35'),
(177, '1753465784884846', 'Luyện Nguyễn', 0, 60, '', '', '', '0000-00-00 00:00:00', '', '', '', '', '', '', '', '', '0000-00-00 00:00:00', '2016-09-28 16:13:35'),
(178, '1714848915397868', 'Hưởng Phạm', 1, 60, '', '', '', '0000-00-00 00:00:00', '', '', '', '', '', '', '', '', '0000-00-00 00:00:00', '2016-09-28 16:13:35'),
(179, '531549147017227', 'Phạm Hạnh', 0, 60, '', '', '', '0000-00-00 00:00:00', '', '', '', '', '', '', '', '', '0000-00-00 00:00:00', '2016-09-28 16:13:35'),
(180, '654942951341253', 'Duy Anh Đinh', 0, 60, '', '', '', '0000-00-00 00:00:00', '', '', '', '', '', '', '', '', '0000-00-00 00:00:00', '2016-09-28 16:13:35'),
(181, '714148795403126', 'Yến Trần', 0, 60, '', '', '', '0000-00-00 00:00:00', '', '', '', '', '', '', '', '', '0000-00-00 00:00:00', '2016-09-28 16:13:35'),
(182, '819994204813389', 'Yeunu Thongminh', 0, 60, '', '', '', '0000-00-00 00:00:00', '', '', '', '', '', '', '', '', '0000-00-00 00:00:00', '2016-09-28 16:13:35'),
(183, '879089785568516', 'Gen Kaori', 0, 60, '', '', '', '0000-00-00 00:00:00', '', '', '', '', '', '', '', '', '0000-00-00 00:00:00', '2016-09-28 16:13:35'),
(184, '807074962758138', 'Phạm Văn Thơm', 0, 60, '', '', '', '0000-00-00 00:00:00', '', '', '', '', '', '', '', '', '0000-00-00 00:00:00', '2016-09-28 16:13:35'),
(185, '778343578963600', 'Phan Anh', 0, 60, '', '', '', '0000-00-00 00:00:00', '', '', '', '', '', '', '', '', '0000-00-00 00:00:00', '2016-09-28 16:13:35'),
(186, '1014773248642269', 'Huyền Nguyễn', 0, 60, '', '', '', '0000-00-00 00:00:00', '', '', '', '', '', '', '', '', '0000-00-00 00:00:00', '2016-09-28 16:13:35'),
(187, '1048104585306696', 'Hieu Dinh', 0, 60, '', '', '', '0000-00-00 00:00:00', '', '', '', '', '', '', '', '', '0000-00-00 00:00:00', '2016-09-28 16:13:35'),
(188, '784160811689329', 'Tìm Lại Bầu Trời', 0, 60, '', '', '', '0000-00-00 00:00:00', '', '', '', '', '', '', '', '', '0000-00-00 00:00:00', '2016-09-28 16:13:35'),
(191, '1205829339475011', 'Hồng Sơn', 0, 60, '', '', '', '0000-00-00 00:00:00', '', '', '', '', '', '', '', '', '0000-00-00 00:00:00', '2016-09-28 16:13:35'),
(192, '963841083665172', 'Phan Hải', 0, 60, '', '', '', '0000-00-00 00:00:00', '', '', '', '', '', '', '', '', '0000-00-00 00:00:00', '2016-09-28 16:13:35'),
(193, '1002750599766594', 'Mạnh Nguyễn Thế', 0, 60, '', '', '', '0000-00-00 00:00:00', '', '', '', '', '', '', '', '', '0000-00-00 00:00:00', '2016-09-28 16:13:35'),
(194, '1389753784371679', 'Tuấn Vũ', 0, 60, '', '', '', '0000-00-00 00:00:00', '', '', '', '', '', '', '', '', '0000-00-00 00:00:00', '2016-09-28 16:13:35'),
(195, '344236335910447', 'Việt Tuệ Trí', 0, 60, '', '', '', '0000-00-00 00:00:00', '', '', '', '', '', '', '', '', '0000-00-00 00:00:00', '2016-09-28 17:06:22'),
(196, '547292172131632', 'Linhh Lê', 0, 60, '', '', '', '0000-00-00 00:00:00', '', '', '', '', '', '', '', '', '0000-00-00 00:00:00', '2016-09-28 17:06:22'),
(197, '637932949700282', 'Vương Ngân', 0, 60, '', '', '', '0000-00-00 00:00:00', '', '', '', '', '', '', '', '', '0000-00-00 00:00:00', '2016-09-28 17:06:22'),
(198, '341462646196743', 'Loan Loan', 0, 60, '', '', '', '0000-00-00 00:00:00', '', '', '', '', '', '', '', '', '0000-00-00 00:00:00', '2016-09-28 17:06:22'),
(199, '343270479347736', 'Ngô An', 0, 60, '', '', '', '0000-00-00 00:00:00', '', '', '', '', '', '', '', '', '0000-00-00 00:00:00', '2016-09-28 17:06:22'),
(200, '1851329578428920', 'Bầu Trời', 0, 60, '', '', '', '0000-00-00 00:00:00', '', '', '', '', '', '', '', '', '0000-00-00 00:00:00', '2016-09-28 17:06:22'),
(201, '1221858274526714', 'Minh Tài', 0, 60, '', '', '', '0000-00-00 00:00:00', '', '', '', '', '', '', '', '', '0000-00-00 00:00:00', '2016-09-28 17:06:22'),
(202, '655395531294220', 'Köÿ', 0, 60, '', '', '', '0000-00-00 00:00:00', '', '', '', '', '', '', '', '', '0000-00-00 00:00:00', '2016-09-28 17:06:22'),
(203, '1029480463865418', 'Hiệp Lê', 0, 60, '', '', '', '0000-00-00 00:00:00', '', '', '', '', '', '', '', '', '0000-00-00 00:00:00', '2016-09-28 17:06:22'),
(204, '1163539460384214', 'Le Trung Thuong', 0, 60, '', '', '', '0000-00-00 00:00:00', '', '', '', '', '', '', '', '', '0000-00-00 00:00:00', '2016-09-28 17:06:22'),
(205, '665030380321582', 'Lê Nhunn', 0, 60, '', '', '', '0000-00-00 00:00:00', '', '', '', '', '', '', '', '', '0000-00-00 00:00:00', '2016-09-28 17:06:22'),
(206, '1170880916306455', 'GiaIn Trần', 0, 60, '', '', '', '0000-00-00 00:00:00', '', '', '', '', '', '', '', '', '0000-00-00 00:00:00', '2016-09-28 17:06:22'),
(207, '1769137236692235', 'Phạm Hải Yến', 0, 60, '', '', '', '0000-00-00 00:00:00', '', '', '', '', '', '', '', '', '0000-00-00 00:00:00', '2016-09-28 17:06:22'),
(208, '1079072192213735', 'Thanh Nguyen', 0, 60, '', '', '', '0000-00-00 00:00:00', '', '', '', '', '', '', '', '', '0000-00-00 00:00:00', '2016-09-28 17:06:22'),
(209, '862050383895085', 'Phạm Khang', 0, 60, '', '', '', '0000-00-00 00:00:00', '', '', '', '', '', '', '', '', '0000-00-00 00:00:00', '2016-09-28 17:06:22'),
(210, '567961013387966', 'Phúc Jeremy', 0, 60, '', '', '', '0000-00-00 00:00:00', '', '', '', '', '', '', '', '', '0000-00-00 00:00:00', '2016-09-28 17:06:22'),
(211, '777997925636890', 'Dương Nguyễn', 0, 60, '', '', '', '0000-00-00 00:00:00', '', '', '', '', '', '', '', '', '0000-00-00 00:00:00', '2016-09-28 17:06:22'),
(212, '1038037029646483', 'Trường Giang', 0, 60, '', '', '', '0000-00-00 00:00:00', '', '', '', '', '', '', '', '', '0000-00-00 00:00:00', '2016-09-28 17:06:22'),
(213, '10207146789452759', 'Huy Phạm', 0, 60, '', '', '', '0000-00-00 00:00:00', '', '', '', '', '', '', '', '', '0000-00-00 00:00:00', '2016-09-28 17:06:22'),
(214, '1013281788784491', 'Hai Lúa', 0, 60, '', '', '', '0000-00-00 00:00:00', '', '', '', '', '', '', '', '', '0000-00-00 00:00:00', '2016-09-28 17:06:22'),
(215, '507575299436017', 'Ngọc Anh', 0, 61, '', '', '', '0000-00-00 00:00:00', '', '', '', '', '', '', '', '', '0000-00-00 00:00:00', '2016-10-02 03:23:58'),
(216, '782458898523115', 'Trong Quy Nguyen', 0, 61, '', '', '', '0000-00-00 00:00:00', '', '', '', '', '', '', '', '', '0000-00-00 00:00:00', '2016-10-02 03:23:58'),
(217, '362126347452550', 'Vân Vân Anh', 0, 61, '', '', '', '0000-00-00 00:00:00', '', '', '', '', '', '', '', '', '0000-00-00 00:00:00', '2016-10-02 03:23:58'),
(218, '625484397623949', 'Nam Le Xuan', 0, 60, '', '', '', '0000-00-00 00:00:00', '', '', '', '', '', '', '', '', '0000-00-00 00:00:00', '2016-09-28 17:06:22'),
(219, '1770991363142552', 'Nguyễn Đình Tú', 0, 60, '', '', '', '0000-00-00 00:00:00', '', '', '', '', '', '', '', '', '0000-00-00 00:00:00', '2016-09-28 17:06:22'),
(220, '680716342087470', 'Nguyễn Duy Tùng', 0, 60, '', '', '', '0000-00-00 00:00:00', '', '', '', '', '', '', '', '', '0000-00-00 00:00:00', '2016-09-28 17:06:22'),
(221, '881328948671049', 'Hưng Nguyễn', 0, 60, '', '', '', '0000-00-00 00:00:00', '', '', '', '', '', '', '', '', '0000-00-00 00:00:00', '2016-09-28 17:06:22'),
(222, '885961028201429', 'Châu Lê', 0, 60, '', '', '', '0000-00-00 00:00:00', '', '', '', '', '', '', '', '', '0000-00-00 00:00:00', '2016-09-28 17:06:22'),
(223, '778532148953637', 'Hoàng Mạnh Quân', 0, 60, '', '', '', '0000-00-00 00:00:00', '', '', '', '', '', '', '', '', '0000-00-00 00:00:00', '2016-09-28 17:06:22'),
(224, '1201208179936995', 'Tuấn Thanh Cao', 0, 60, '', '', '', '0000-00-00 00:00:00', '', '', '', '', '', '', '', '', '0000-00-00 00:00:00', '2016-09-28 17:06:22'),
(225, '1654328908230779', 'Nguyễn Thảo', 0, 60, '', '', '', '0000-00-00 00:00:00', '', '', '', '', '', '', '', '', '0000-00-00 00:00:00', '2016-09-28 17:06:22'),
(226, '10205640551772690', 'Đặng Quang Huy', 0, 60, '', '', '', '0000-00-00 00:00:00', '', '', '', '', '', '', '', '', '0000-00-00 00:00:00', '2016-09-28 17:06:22'),
(227, '1822165418003421', 'Vũ Tuyên Hoàng', 0, 60, '', '', '', '0000-00-00 00:00:00', '', '', '', '', '', '', '', '', '0000-00-00 00:00:00', '2016-09-28 17:06:22'),
(228, '678371632318987', 'Hoat Quy Bui', 0, 60, '', '', '', '0000-00-00 00:00:00', '', '', '', '', '', '', '', '', '0000-00-00 00:00:00', '2016-09-28 17:06:22'),
(229, '527189230807015', 'Hằng Lê', 0, 60, '', '', '', '0000-00-00 00:00:00', '', '', '', '', '', '', '', '', '0000-00-00 00:00:00', '2016-09-28 17:06:22'),
(230, '911590738984604', 'Hải Yến', 0, 60, '', '', '', '0000-00-00 00:00:00', '', '', '', '', '', '', '', '', '0000-00-00 00:00:00', '2016-09-28 17:06:22'),
(231, '667682046731702', 'Huyền Nguyễn', 0, 60, '', '', '', '0000-00-00 00:00:00', '', '', '', '', '', '', '', '', '0000-00-00 00:00:00', '2016-09-28 17:06:22'),
(232, '1111643208925320', 'Tất Giáp Nguyễn', 0, 60, '', '', '', '0000-00-00 00:00:00', '', '', '', '', '', '', '', '', '0000-00-00 00:00:00', '2016-09-28 17:06:22'),
(233, '1616926418606439', 'Đinh Quỳnh', 0, 60, '', '', '', '0000-00-00 00:00:00', '', '', '', '', '', '', '', '', '0000-00-00 00:00:00', '2016-09-28 17:06:22'),
(234, '854967484633240', 'Ninh Đức Quyền', 0, 60, '', '', '', '0000-00-00 00:00:00', '', '', '', '', '', '', '', '', '0000-00-00 00:00:00', '2016-09-28 17:06:22'),
(235, '909551425855264', 'Tung Quang', 0, 60, '', '', '', '0000-00-00 00:00:00', '', '', '', '', '', '', '', '', '0000-00-00 00:00:00', '2016-09-28 17:06:22'),
(236, '977290165710347', 'Bong Bóng Xà Phòng', 0, 60, '', '', '', '0000-00-00 00:00:00', '', '', '', '', '', '', '', '', '0000-00-00 00:00:00', '2016-09-28 17:06:22'),
(237, '1468706613143128', 'Thanh Văn Lê', 0, 60, '', '', '', '0000-00-00 00:00:00', '', '', '', '', '', '', '', '', '0000-00-00 00:00:00', '2016-09-28 17:06:22'),
(238, '1089336614514642', 'Tung Thanh Ha', 0, 60, '', '', '', '0000-00-00 00:00:00', '', '', '', '', '', '', '', '', '0000-00-00 00:00:00', '2016-09-28 17:06:22'),
(239, '693283174160505', 'mạch thị hải', 0, 60, '', '', '', '0000-00-00 00:00:00', '', '', '', '', '', '', '', '', '0000-00-00 00:00:00', '2016-09-28 17:06:22'),
(240, '639426079552929', 'Xu Trang', 0, 60, '', '', '', '0000-00-00 00:00:00', '', '', '', '', '', '', '', '', '0000-00-00 00:00:00', '2016-09-28 17:06:22'),
(241, '919728311504873', 'Đình Nguyễn Minh', 0, 60, '', '', '', '0000-00-00 00:00:00', '', '', '', '', '', '', '', '', '0000-00-00 00:00:00', '2016-09-28 17:06:22'),
(242, '961321717346667', 'Anh Quan', 0, 60, '', '', '', '0000-00-00 00:00:00', '', '', '', '', '', '', '', '', '0000-00-00 00:00:00', '2016-09-28 17:06:22'),
(243, '1065117600275236', 'Tuan Quach', 0, 60, '', '', '', '0000-00-00 00:00:00', '', '', '', '', '', '', '', '', '0000-00-00 00:00:00', '2016-09-28 17:06:22'),
(244, '1099735500092528', 'Tuan Ng', 0, 60, '', '', '', '0000-00-00 00:00:00', '', '', '', '', '', '', '', '', '0000-00-00 00:00:00', '2016-09-28 17:06:22'),
(245, '1627950604164244', 'Nguyễn Văn Hà', 0, 60, '', '', '', '0000-00-00 00:00:00', '', '', '', '', '', '', '', '', '0000-00-00 00:00:00', '2016-09-28 17:06:22'),
(246, '1651534428491148', 'Trang Kieu', 0, 60, '', '', '', '0000-00-00 00:00:00', '', '', '', '', '', '', '', '', '0000-00-00 00:00:00', '2016-09-28 17:06:22'),
(247, '1124225907665072', 'Dương Tuyết Trinh', 0, 60, '', '', '', '0000-00-00 00:00:00', '', '', '', '', '', '', '', '', '0000-00-00 00:00:00', '2016-09-28 17:06:22'),
(248, '704630209689489', 'Bình Thường', 0, 60, '', '', '', '0000-00-00 00:00:00', '', '', '', '', '', '', '', '', '0000-00-00 00:00:00', '2016-09-28 17:06:22'),
(249, '1648679055444916', 'Đức Nguyễn', 0, 60, '', '', '', '0000-00-00 00:00:00', '', '', '', '', '', '', '', '', '0000-00-00 00:00:00', '2016-09-28 17:06:22'),
(250, '961281640684621', 'Kiều Thủy', 0, 60, '', '', '', '0000-00-00 00:00:00', '', '', '', '', '', '', '', '', '0000-00-00 00:00:00', '2016-09-28 17:06:22'),
(251, '1821791414774250', 'Lê Thảo', 0, 60, '', '', '', '0000-00-00 00:00:00', '', '', '', '', '', '', '', '', '0000-00-00 00:00:00', '2016-09-28 17:06:22'),
(252, '692174110939528', 'Trần Linh', 0, 60, '', '', '', '0000-00-00 00:00:00', '', '', '', '', '', '', '', '', '0000-00-00 00:00:00', '2016-09-28 17:06:22'),
(253, '1070864069696193', 'Lê Đức Nghĩa', 0, 60, '', '', '', '0000-00-00 00:00:00', '', '', '', '', '', '', '', '', '0000-00-00 00:00:00', '2016-09-28 17:06:22'),
(254, '1270928439637984', 'Dao Bau', 0, 60, '', '', '', '0000-00-00 00:00:00', '', '', '', '', '', '', '', '', '0000-00-00 00:00:00', '2016-09-28 17:06:22'),
(255, '1083016148479054', 'Phượng Đỗ Thị', 0, 60, '', '', '', '0000-00-00 00:00:00', '', '', '', '', '', '', '', '', '0000-00-00 00:00:00', '2016-09-28 17:06:22'),
(256, '936976656407423', 'Thành', 0, 60, '', '', '', '0000-00-00 00:00:00', '', '', '', '', '', '', '', '', '0000-00-00 00:00:00', '2016-09-28 17:06:22'),
(257, '722128167939651', 'Nguyễn Duy', 0, 60, '', '', '', '0000-00-00 00:00:00', '', '', '', '', '', '', '', '', '0000-00-00 00:00:00', '2016-09-28 17:06:22'),
(258, '1260525117332796', 'Phố Nhà Chung', 0, 60, '', '', '', '0000-00-00 00:00:00', '', '', '', '', '', '', '', '', '0000-00-00 00:00:00', '2016-09-28 17:06:22'),
(259, '1298376796840297', 'Dat Đủng Đỉnh', 0, 60, '', '', '', '0000-00-00 00:00:00', '', '', '', '', '', '', '', '', '0000-00-00 00:00:00', '2016-09-28 17:06:22'),
(260, '906076789537076', 'Tra le Thanh', 0, 60, '', '', '', '0000-00-00 00:00:00', '', '', '', '', '', '', '', '', '0000-00-00 00:00:00', '2016-09-28 17:06:22'),
(261, '1072920822815096', 'Ngoc Diem', 0, 60, '', '', '', '0000-00-00 00:00:00', '', '', '', '', '', '', '', '', '0000-00-00 00:00:00', '2016-09-28 17:06:22'),
(262, '10209330492132438', 'Dương Du Viên', 0, 60, '', '', '', '0000-00-00 00:00:00', '', '', '', '', '', '', '', '', '0000-00-00 00:00:00', '2016-09-28 17:06:22'),
(263, '1779038768974779', 'Nguyễn Giang', 0, 60, '', '', '', '0000-00-00 00:00:00', '', '', '', '', '', '', '', '', '0000-00-00 00:00:00', '2016-09-28 17:06:22'),
(264, '951503031645773', 'Lệ Thảo', 0, 60, '', '', '', '0000-00-00 00:00:00', '', '', '', '', '', '', '', '', '0000-00-00 00:00:00', '2016-09-28 17:06:22'),
(265, '1774794229457623', 'Phòng Vé Phú An', 0, 60, '', '', '', '0000-00-00 00:00:00', '', '', '', '', '', '', '', '', '0000-00-00 00:00:00', '2016-09-28 17:06:22'),
(266, '579358838938207', 'Lan Nhi', 0, 60, '', '', '', '0000-00-00 00:00:00', '', '', '', '', '', '', '', '', '0000-00-00 00:00:00', '2016-09-28 17:06:22'),
(267, '980487182060678', 'Nguyễn Quyên', 0, 60, '', '', '', '0000-00-00 00:00:00', '', '', '', '', '', '', '', '', '0000-00-00 00:00:00', '2016-09-28 17:06:22'),
(268, '905920586204930', 'Quan Viet Nguyen', 0, 60, '', '', '', '0000-00-00 00:00:00', '', '', '', '', '', '', '', '', '0000-00-00 00:00:00', '2016-09-28 17:06:22'),
(269, '964070220369994', 'Minh Tường', 0, 60, '', '', '', '0000-00-00 00:00:00', '', '', '', '', '', '', '', '', '0000-00-00 00:00:00', '2016-09-28 17:06:22'),
(270, '1795137450770839', 'Hợp Tấn', 0, 60, '', '', '', '0000-00-00 00:00:00', '', '', '', '', '', '', '', '', '0000-00-00 00:00:00', '2016-09-28 17:06:22'),
(271, '1756557754597417', 'Huy Nguyen Xuan', 0, 60, '', '', '', '0000-00-00 00:00:00', '', '', '', '', '', '', '', '', '0000-00-00 00:00:00', '2016-09-28 17:06:22'),
(272, '1084228841698768', 'Lê Thùy Linh', 0, 60, '', '', '', '0000-00-00 00:00:00', '', '', '', '', '', '', '', '', '0000-00-00 00:00:00', '2016-09-28 17:06:22'),
(273, '1087115378068544', 'Nguyễn Cường', 0, 60, '', '', '', '0000-00-00 00:00:00', '', '', '', '', '', '', '', '', '0000-00-00 00:00:00', '2016-09-28 17:06:22'),
(274, '898148176982306', 'Nam Thắng', 0, 61, '', '', '', '0000-00-00 00:00:00', '', '', '', '', '', '', '', '', '0000-00-00 00:00:00', '2016-10-02 03:23:58'),
(275, '1425205720842335', 'Thu Hang Nguyen', 0, 60, '', '', '', '0000-00-00 00:00:00', '', '', '', '', '', '', '', '', '0000-00-00 00:00:00', '2016-09-28 17:06:22'),
(276, '650470858448888', 'Nguyen Thu Hien', 0, 60, '', '', '', '0000-00-00 00:00:00', '', '', '', '', '', '', '', '', '0000-00-00 00:00:00', '2016-09-28 17:06:22'),
(277, '948098632003508', 'Trần Quang Hiệp', 0, 60, '', '', '', '0000-00-00 00:00:00', '', '', '', '', '', '', '', '', '0000-00-00 00:00:00', '2016-09-28 17:06:22'),
(278, '720453504778173', 'Thành Trung', 0, 60, '', '', '', '0000-00-00 00:00:00', '', '', '', '', '', '', '', '', '0000-00-00 00:00:00', '2016-09-28 17:06:22'),
(279, '1031023797008941', 'Lê Đức Hùng', 0, 60, '', '', '', '0000-00-00 00:00:00', '', '', '', '', '', '', '', '', '0000-00-00 00:00:00', '2016-09-28 17:06:22'),
(280, '1115403608549231', 'Nguyễn Hoa', 0, 60, '', '', '', '0000-00-00 00:00:00', '', '', '', '', '', '', '', '', '0000-00-00 00:00:00', '2016-09-28 17:06:22'),
(281, '887622338037484', 'Minh Đức', 0, 60, '', '', '', '0000-00-00 00:00:00', '', '', '', '', '', '', '', '', '0000-00-00 00:00:00', '2016-09-28 17:06:22'),
(282, '1795295834018377', 'Các Đại Ca', 0, 60, '', '', '', '0000-00-00 00:00:00', '', '', '', '', '', '', '', '', '0000-00-00 00:00:00', '2016-09-28 17:06:22'),
(283, '859112367558210', 'Huong Lee', 0, 60, '', '', '', '0000-00-00 00:00:00', '', '', '', '', '', '', '', '', '0000-00-00 00:00:00', '2016-09-28 17:06:22'),
(284, '1417034078325162', 'Nguyễn Văn Đức', 0, 60, '', '', '', '0000-00-00 00:00:00', '', '', '', '', '', '', '', '', '0000-00-00 00:00:00', '2016-09-28 17:06:22'),
(285, '1104099499666274', 'Trần Quang Khải', 0, 60, '', '', '', '0000-00-00 00:00:00', '', '', '', '', '', '', '', '', '0000-00-00 00:00:00', '2016-09-28 17:06:22'),
(286, '1763195473949104', 'Kiên Trần', 0, 60, '', '', '', '0000-00-00 00:00:00', '', '', '', '', '', '', '', '', '0000-00-00 00:00:00', '2016-09-28 17:06:22'),
(287, '1783764801895135', 'Chung Văn', 0, 60, '', '', '', '0000-00-00 00:00:00', '', '', '', '', '', '', '', '', '0000-00-00 00:00:00', '2016-09-28 17:06:22'),
(288, '1028971610544716', 'Nguyễn Văn Huân', 0, 60, '', '', '', '0000-00-00 00:00:00', '', '', '', '', '', '', '', '', '0000-00-00 00:00:00', '2016-09-28 17:06:22'),
(289, '1813766455533000', 'An Thu Thảo', 0, 60, '', '', '', '0000-00-00 00:00:00', '', '', '', '', '', '', '', '', '0000-00-00 00:00:00', '2016-09-28 17:06:22'),
(290, '1360660983961227', 'Thuan Do Duc', 0, 60, '', '', '', '0000-00-00 00:00:00', '', '', '', '', '', '', '', '', '0000-00-00 00:00:00', '2016-09-28 17:06:22'),
(291, '1769231840029189', 'Diễm Vũ', 0, 60, '', '', '', '0000-00-00 00:00:00', '', '', '', '', '', '', '', '', '0000-00-00 00:00:00', '2016-09-28 17:06:22'),
(292, '1056614181117780', 'Pich Phi', 0, 60, '', '', '', '0000-00-00 00:00:00', '', '', '', '', '', '', '', '', '0000-00-00 00:00:00', '2016-09-28 17:06:22'),
(293, '967727153338919', 'Lien Lien Dang', 0, 60, '', '', '', '0000-00-00 00:00:00', '', '', '', '', '', '', '', '', '0000-00-00 00:00:00', '2016-09-28 17:06:22'),
(294, '10210415965697243', 'Cuong Pham', 0, 60, '', '', '', '0000-00-00 00:00:00', '', '', '', '', '', '', '', '', '0000-00-00 00:00:00', '2016-09-28 17:06:22'),
(295, '1092007757581038', 'Dương Tiến Đỗ', 0, 60, '', '', '', '0000-00-00 00:00:00', '', '', '', '', '', '', '', '', '0000-00-00 00:00:00', '2016-09-28 17:06:22'),
(296, '951941454933249', 'Bùi Hồng Sơn', 0, 61, '', '', '', '0000-00-00 00:00:00', '', '', '', '', '', '', '', '', '0000-00-00 00:00:00', '2016-10-02 03:23:58'),
(297, '1409087605787297', 'Ngô Lan Hoa', 0, 60, '', '', '', '0000-00-00 00:00:00', '', '', '', '', '', '', '', '', '0000-00-00 00:00:00', '2016-09-28 17:06:22'),
(298, '1286420711377734', 'Tiến An', 0, 60, '', '', '', '0000-00-00 00:00:00', '', '', '', '', '', '', '', '', '0000-00-00 00:00:00', '2016-09-28 17:06:22'),
(299, '897575540374898', 'ThuHương Nguyễn', 0, 60, '', '', '', '0000-00-00 00:00:00', '', '', '', '', '', '', '', '', '0000-00-00 00:00:00', '2016-09-28 17:06:22'),
(300, '1133673496719924', 'Đào Hoàng Tiến', 0, 60, '', '', '', '0000-00-00 00:00:00', '', '', '', '', '', '', '', '', '0000-00-00 00:00:00', '2016-09-28 17:06:22'),
(301, '1212557992100839', 'Mai Thu Nga', 0, 60, '', '', '', '0000-00-00 00:00:00', '', '', '', '', '', '', '', '', '0000-00-00 00:00:00', '2016-09-28 17:06:22'),
(302, '676576195832053', 'Ssd Ptit', 0, 60, '', '', '', '0000-00-00 00:00:00', '', '', '', '', '', '', '', '', '0000-00-00 00:00:00', '2016-09-28 17:06:22'),
(303, '981759555303936', 'Nguyễn Huệ', 0, 60, '', '', '', '0000-00-00 00:00:00', '', '', '', '', '', '', '', '', '0000-00-00 00:00:00', '2016-09-28 17:06:22'),
(304, '955345684592014', 'Phuong Tran', 0, 60, '', '', '', '0000-00-00 00:00:00', '', '', '', '', '', '', '', '', '0000-00-00 00:00:00', '2016-09-28 17:06:22'),
(305, '1293978403975822', 'Trần Văn Nhất', 0, 60, '', '', '', '0000-00-00 00:00:00', '', '', '', '', '', '', '', '', '0000-00-00 00:00:00', '2016-09-28 17:06:22');
INSERT INTO `members` (`MemberId`, `FacebookIdMember`, `Name`, `Administrator`, `GroupId`, `RealName`, `Address1`, `Address2`, `Birthday`, `PhoneNumber1`, `PhoneNumber2`, `Email`, `Gender`, `Class`, `School`, `FacebookLink`, `FacebookProfileId`, `CreateTime`, `UpdateTime`) VALUES
(306, '1854452791434380', 'Yến Hoa', 0, 60, '', '', '', '0000-00-00 00:00:00', '', '', '', '', '', '', '', '', '0000-00-00 00:00:00', '2016-09-28 17:06:22'),
(307, '835190966619477', 'Vũ Văn Dũng', 0, 60, '', '', '', '0000-00-00 00:00:00', '', '', '', '', '', '', '', '', '0000-00-00 00:00:00', '2016-09-28 17:06:22'),
(308, '899386120166720', 'Giang', 0, 60, '', '', '', '0000-00-00 00:00:00', '', '', '', '', '', '', '', '', '0000-00-00 00:00:00', '2016-09-28 17:06:22'),
(309, '10205589958427578', 'Dang Hoang', 0, 60, '', '', '', '0000-00-00 00:00:00', '', '', '', '', '', '', '', '', '0000-00-00 00:00:00', '2016-09-28 17:06:22'),
(310, '948394771973572', 'Nguyên Thảo', 0, 60, '', '', '', '0000-00-00 00:00:00', '', '', '', '', '', '', '', '', '0000-00-00 00:00:00', '2016-09-28 17:06:22'),
(311, '1057173021046935', 'Nguyễn Hoàng Sơn', 0, 60, '', '', '', '0000-00-00 00:00:00', '', '', '', '', '', '', '', '', '0000-00-00 00:00:00', '2016-09-28 17:06:22'),
(312, '1335026373181971', 'Thiệu Nguyễn', 0, 60, '', '', '', '0000-00-00 00:00:00', '', '', '', '', '', '', '', '', '0000-00-00 00:00:00', '2016-09-28 17:06:22'),
(313, '1315810765095838', 'Steven Lee', 0, 60, '', '', '', '0000-00-00 00:00:00', '', '', '', '', '', '', '', '', '0000-00-00 00:00:00', '2016-09-28 17:06:22'),
(314, '1192769154152871', 'Hậu Hóm Hỉnh', 0, 60, '', '', '', '0000-00-00 00:00:00', '', '', '', '', '', '', '', '', '0000-00-00 00:00:00', '2016-09-28 17:06:22'),
(315, '1729364000657333', 'Tuấn Nguyễn', 0, 60, '', '', '', '0000-00-00 00:00:00', '', '', '', '', '', '', '', '', '0000-00-00 00:00:00', '2016-09-28 17:06:22'),
(316, '617786628383187', 'Thành Đạt Mai', 0, 60, '', '', '', '0000-00-00 00:00:00', '', '', '', '', '', '', '', '', '0000-00-00 00:00:00', '2016-09-28 17:06:22'),
(317, '10210724205092387', 'Dương Khánh Chương', 0, 60, '', '', '', '0000-00-00 00:00:00', '', '', '', '', '', '', '', '', '0000-00-00 00:00:00', '2016-09-28 17:06:22'),
(318, '954006608078545', 'Nguyễn Ngọc Anh', 0, 60, '', '', '', '0000-00-00 00:00:00', '', '', '', '', '', '', '', '', '0000-00-00 00:00:00', '2016-09-28 17:06:22'),
(319, '1170493193020702', 'Phạm Thế Duyệt', 0, 60, '', '', '', '0000-00-00 00:00:00', '', '', '', '', '', '', '', '', '0000-00-00 00:00:00', '2016-09-28 17:06:22'),
(320, '1198496673545328', 'Lê Thị Hồng Hạnh', 0, 60, '', '', '', '0000-00-00 00:00:00', '', '', '', '', '', '', '', '', '0000-00-00 00:00:00', '2016-09-28 17:06:22'),
(321, '1194081667323159', 'Quý Tiến', 0, 60, '', '', '', '0000-00-00 00:00:00', '', '', '', '', '', '', '', '', '0000-00-00 00:00:00', '2016-09-28 17:06:22'),
(322, '1061516090634075', 'Thúy Hằng Nguyễn', 0, 60, '', '', '', '0000-00-00 00:00:00', '', '', '', '', '', '', '', '', '0000-00-00 00:00:00', '2016-09-28 17:06:22'),
(323, '1393777250666866', 'Nguyễn Bá Ngọc', 0, 60, '', '', '', '0000-00-00 00:00:00', '', '', '', '', '', '', '', '', '0000-00-00 00:00:00', '2016-09-28 17:06:22'),
(324, '1850451185188593', 'Nguyễn Thế Toán', 0, 60, '', '', '', '0000-00-00 00:00:00', '', '', '', '', '', '', '', '', '0000-00-00 00:00:00', '2016-09-28 17:06:22'),
(325, '1232739806833858', 'Lê Đức Bảy', 0, 60, '', '', '', '0000-00-00 00:00:00', '', '', '', '', '', '', '', '', '0000-00-00 00:00:00', '2016-09-28 17:06:22'),
(326, '1075657212548218', 'Hoàng Văn Công', 0, 60, '', '', '', '0000-00-00 00:00:00', '', '', '', '', '', '', '', '', '0000-00-00 00:00:00', '2016-09-28 17:06:22'),
(327, '1058884254224961', 'Phuong Tran', 0, 60, '', '', '', '0000-00-00 00:00:00', '', '', '', '', '', '', '', '', '0000-00-00 00:00:00', '2016-09-28 17:06:22'),
(328, '693532107466066', 'Hương Hương', 0, 60, '', '', '', '0000-00-00 00:00:00', '', '', '', '', '', '', '', '', '0000-00-00 00:00:00', '2016-09-28 17:06:22'),
(329, '1078891772226817', 'Ngọc Bùi Thị', 0, 60, '', '', '', '0000-00-00 00:00:00', '', '', '', '', '', '', '', '', '0000-00-00 00:00:00', '2016-09-28 17:06:22'),
(330, '1054180601365856', 'Tuyệt Cú Mèo', 0, 60, '', '', '', '0000-00-00 00:00:00', '', '', '', '', '', '', '', '', '0000-00-00 00:00:00', '2016-09-28 17:06:22'),
(331, '1837384036402447', 'Tao Tên Sáng', 0, 60, '', '', '', '0000-00-00 00:00:00', '', '', '', '', '', '', '', '', '0000-00-00 00:00:00', '2016-09-28 17:06:22'),
(332, '1212454175478780', 'Duy Racer', 0, 60, '', '', '', '0000-00-00 00:00:00', '', '', '', '', '', '', '', '', '0000-00-00 00:00:00', '2016-09-28 17:06:22'),
(333, '1050572788395335', 'Nguyễn Thu Thảo', 0, 60, '', '', '', '0000-00-00 00:00:00', '', '', '', '', '', '', '', '', '0000-00-00 00:00:00', '2016-09-28 17:06:22'),
(334, '1038247959604368', 'Alonely Distar', 0, 60, '', '', '', '0000-00-00 00:00:00', '', '', '', '', '', '', '', '', '0000-00-00 00:00:00', '2016-09-28 17:06:22'),
(335, '1415993711748438', 'Hán Việt Hưng', 0, 60, '', '', '', '0000-00-00 00:00:00', '', '', '', '', '', '', '', '', '0000-00-00 00:00:00', '2016-09-28 17:06:22'),
(336, '1031939296923302', 'Ngọn Hải Đăng', 0, 60, '', '', '', '0000-00-00 00:00:00', '', '', '', '', '', '', '', '', '0000-00-00 00:00:00', '2016-09-28 17:06:22'),
(337, '994977353947916', 'Đức Khả Lê', 0, 60, '', '', '', '0000-00-00 00:00:00', '', '', '', '', '', '', '', '', '0000-00-00 00:00:00', '2016-09-28 17:06:22'),
(338, '969346203174036', 'Phạm Xuân Quyền', 0, 60, '', '', '', '0000-00-00 00:00:00', '', '', '', '', '', '', '', '', '0000-00-00 00:00:00', '2016-09-28 17:06:22'),
(339, '875528685880326', 'Ancol Lát', 0, 60, '', '', '', '0000-00-00 00:00:00', '', '', '', '', '', '', '', '', '0000-00-00 00:00:00', '2016-09-28 17:06:22'),
(340, '1354770264563266', 'Vinh Huy Tran', 0, 60, '', '', '', '0000-00-00 00:00:00', '', '', '', '', '', '', '', '', '0000-00-00 00:00:00', '2016-09-28 17:06:22'),
(341, '1109083409205779', 'Hung Ta', 0, 60, '', '', '', '0000-00-00 00:00:00', '', '', '', '', '', '', '', '', '0000-00-00 00:00:00', '2016-09-28 17:06:22'),
(342, '1099249563478246', 'Đạt Nguyễn Tiến', 0, 60, '', '', '', '0000-00-00 00:00:00', '', '', '', '', '', '', '', '', '0000-00-00 00:00:00', '2016-09-28 17:06:22'),
(343, '742618255876822', 'Nguyễn Duy', 0, 60, '', '', '', '0000-00-00 00:00:00', '', '', '', '', '', '', '', '', '0000-00-00 00:00:00', '2016-09-28 17:06:22'),
(344, '1045674865545180', 'Minh Sáng', 0, 60, '', '', '', '0000-00-00 00:00:00', '', '', '', '', '', '', '', '', '0000-00-00 00:00:00', '2016-09-28 17:06:22'),
(345, '998545493589850', 'Lê Quý Dương', 0, 60, '', '', '', '0000-00-00 00:00:00', '', '', '', '', '', '', '', '', '0000-00-00 00:00:00', '2016-09-28 17:06:22'),
(346, '1091848240928341', 'Vuong Le', 0, 60, '', '', '', '0000-00-00 00:00:00', '', '', '', '', '', '', '', '', '0000-00-00 00:00:00', '2016-09-28 17:06:22'),
(347, '975579892554451', 'Lan Anh Đỗ', 0, 60, '', '', '', '0000-00-00 00:00:00', '', '', '', '', '', '', '', '', '0000-00-00 00:00:00', '2016-09-28 17:06:22'),
(348, '1041463355973372', 'Tú Anh Lê', 0, 60, '', '', '', '0000-00-00 00:00:00', '', '', '', '', '', '', '', '', '0000-00-00 00:00:00', '2016-09-28 17:06:22'),
(349, '1466500396709753', 'Nguyễn Xuân Nguyên', 0, 60, '', '', '', '0000-00-00 00:00:00', '', '', '', '', '', '', '', '', '0000-00-00 00:00:00', '2016-09-28 17:06:22'),
(350, '1053989418047469', 'Thành Lê', 0, 60, '', '', '', '0000-00-00 00:00:00', '', '', '', '', '', '', '', '', '0000-00-00 00:00:00', '2016-09-28 17:06:22'),
(351, '1056652477785561', 'Ngọc Quý Trần', 0, 60, '', '', '', '0000-00-00 00:00:00', '', '', '', '', '', '', '', '', '0000-00-00 00:00:00', '2016-09-28 17:06:22'),
(352, '912884088823745', 'Nguyễn Viết Hưng', 0, 60, '', '', '', '0000-00-00 00:00:00', '', '', '', '', '', '', '', '', '0000-00-00 00:00:00', '2016-09-28 17:06:22'),
(353, '1067616813353836', 'Cá Cơm', 0, 60, '', '', '', '0000-00-00 00:00:00', '', '', '', '', '', '', '', '', '0000-00-00 00:00:00', '2016-09-28 17:06:22'),
(354, '1059775790805553', 'Ốc Sên', 0, 60, '', '', '', '0000-00-00 00:00:00', '', '', '', '', '', '', '', '', '0000-00-00 00:00:00', '2016-09-28 17:06:22'),
(355, '1045030665611701', 'Đinh Văn Quý', 0, 60, '', '', '', '0000-00-00 00:00:00', '', '', '', '', '', '', '', '', '0000-00-00 00:00:00', '2016-09-28 17:06:22'),
(356, '559780284227105', 'Đào Duy Đạt', 0, 60, '', '', '', '0000-00-00 00:00:00', '', '', '', '', '', '', '', '', '0000-00-00 00:00:00', '2016-09-28 17:06:22'),
(357, '1215284128533887', 'Phạm Tân', 0, 60, '', '', '', '0000-00-00 00:00:00', '', '', '', '', '', '', '', '', '0000-00-00 00:00:00', '2016-09-28 17:06:22'),
(358, '1101079549975351', 'Đô Thị Hương', 0, 60, '', '', '', '0000-00-00 00:00:00', '', '', '', '', '', '', '', '', '0000-00-00 00:00:00', '2016-09-28 17:06:22'),
(359, '1430077120341695', 'Bùi Kiên', 0, 60, '', '', '', '0000-00-00 00:00:00', '', '', '', '', '', '', '', '', '0000-00-00 00:00:00', '2016-09-28 17:06:22'),
(360, '947470085358200', 'Tuấn Anh Nguyễn', 0, 60, '', '', '', '0000-00-00 00:00:00', '', '', '', '', '', '', '', '', '0000-00-00 00:00:00', '2016-09-28 17:06:22'),
(361, '1091820464260392', 'Nguyễn Thơ', 0, 57, '', '', '', '0000-00-00 00:00:00', '', '', '', '', '', '', '', '', '0000-00-00 00:00:00', '2016-10-02 02:58:51'),
(362, '959064950869891', 'Hằng Thu', 0, 60, '', '', '', '0000-00-00 00:00:00', '', '', '', '', '', '', '', '', '0000-00-00 00:00:00', '2016-09-28 17:06:22'),
(363, '575526015964944', 'Minh Phuong', 0, 60, '', '', '', '0000-00-00 00:00:00', '', '', '', '', '', '', '', '', '0000-00-00 00:00:00', '2016-09-28 17:06:22'),
(364, '626741744165334', 'Bố Đốp', 0, 60, '', '', '', '0000-00-00 00:00:00', '', '', '', '', '', '', '', '', '0000-00-00 00:00:00', '2016-09-28 17:06:22'),
(365, '1119926261455939', 'Robb Thành', 0, 60, '', '', '', '0000-00-00 00:00:00', '', '', '', '', '', '', '', '', '0000-00-00 00:00:00', '2016-09-28 17:06:22'),
(366, '1057054104407923', 'Trần Thanh Xuân', 0, 60, '', '', '', '0000-00-00 00:00:00', '', '', '', '', '', '', '', '', '0000-00-00 00:00:00', '2016-09-28 17:06:22'),
(367, '1805489679732840', 'Duc Nguyen', 0, 60, '', '', '', '0000-00-00 00:00:00', '', '', '', '', '', '', '', '', '0000-00-00 00:00:00', '2016-09-28 17:06:22'),
(368, '1883872191844204', 'Luyện Nguyễn', 0, 60, '', '', '', '0000-00-00 00:00:00', '', '', '', '', '', '', '', '', '0000-00-00 00:00:00', '2016-09-28 17:06:22'),
(369, '1802669139949178', 'Hưởng Phạm', 1, 60, '', '', '', '0000-00-00 00:00:00', '', '', '', '', '', '', '', '', '0000-00-00 00:00:00', '2016-09-28 17:06:22'),
(370, '620923504746457', 'Phạm Hạnh', 0, 60, '', '', '', '0000-00-00 00:00:00', '', '', '', '', '', '', '', '', '0000-00-00 00:00:00', '2016-09-28 17:06:22'),
(371, '654962538005961', 'Duy Anh Đinh', 0, 60, '', '', '', '0000-00-00 00:00:00', '', '', '', '', '', '', '', '', '0000-00-00 00:00:00', '2016-09-28 17:06:22'),
(372, '714175262067146', 'Yến Trần', 0, 60, '', '', '', '0000-00-00 00:00:00', '', '', '', '', '', '', '', '', '0000-00-00 00:00:00', '2016-09-28 17:06:22'),
(373, '960554740757334', 'Yeunu Thongminh', 0, 60, '', '', '', '0000-00-00 00:00:00', '', '', '', '', '', '', '', '', '0000-00-00 00:00:00', '2016-09-28 17:06:22'),
(374, '1015824935228333', 'Gen Kaori', 0, 60, '', '', '', '0000-00-00 00:00:00', '', '', '', '', '', '', '', '', '0000-00-00 00:00:00', '2016-09-28 17:06:22'),
(375, '929637647168535', 'Phạm Văn Thơm', 0, 60, '', '', '', '0000-00-00 00:00:00', '', '', '', '', '', '', '', '', '0000-00-00 00:00:00', '2016-09-28 17:06:22'),
(376, '896283157169641', 'Phan Anh', 0, 60, '', '', '', '0000-00-00 00:00:00', '', '', '', '', '', '', '', '', '0000-00-00 00:00:00', '2016-09-28 17:06:22'),
(377, '1014813045304956', 'Huyền Nguyễn', 0, 60, '', '', '', '0000-00-00 00:00:00', '', '', '', '', '', '', '', '', '0000-00-00 00:00:00', '2016-09-28 17:06:22'),
(378, '1048143505302804', 'Hieu Dinh', 0, 60, '', '', '', '0000-00-00 00:00:00', '', '', '', '', '', '', '', '', '0000-00-00 00:00:00', '2016-09-28 17:06:22'),
(379, '918845304887545', 'Tìm Lại Bầu Trời', 0, 60, '', '', '', '0000-00-00 00:00:00', '', '', '', '', '', '', '', '', '0000-00-00 00:00:00', '2016-09-28 17:06:22'),
(380, '1117708261642965', 'Tường Vũ', 1, 58, '', '', '', '0000-00-00 00:00:00', '', '', '', '', '', '', '', '', '0000-00-00 00:00:00', '2016-10-02 03:23:01'),
(381, '1127453180668138', 'Long Pham', 0, 60, '', '', '', '0000-00-00 00:00:00', '', '', '', '', '', '', '', '', '0000-00-00 00:00:00', '2016-09-28 17:06:22'),
(382, '1099584013444387', 'Trần Hải Đăng', 0, 60, '', '', '', '0000-00-00 00:00:00', '', '', '', '', '', '', '', '', '0000-00-00 00:00:00', '2016-09-28 17:06:22'),
(383, '1205871829470762', 'Hồng Sơn', 0, 60, '', '', '', '0000-00-00 00:00:00', '', '', '', '', '', '', '', '', '0000-00-00 00:00:00', '2016-09-28 17:06:22'),
(384, '1111083315607614', 'Phan Hải', 0, 60, '', '', '', '0000-00-00 00:00:00', '', '', '', '', '', '', '', '', '0000-00-00 00:00:00', '2016-09-28 17:06:22'),
(385, '1274459962595655', 'Mạnh Nguyễn Thế', 0, 60, '', '', '', '0000-00-00 00:00:00', '', '', '', '', '', '', '', '', '0000-00-00 00:00:00', '2016-09-28 17:06:22'),
(386, '1389791937701197', 'Tuấn Vũ', 0, 60, '', '', '', '0000-00-00 00:00:00', '', '', '', '', '', '', '', '', '0000-00-00 00:00:00', '2016-09-28 17:06:22'),
(387, '1185459388186688', 'Đông Nguyên', 1, 57, '', '', '', '0000-00-00 00:00:00', '', '', '', '', '', '', '', '', '0000-00-00 00:00:00', '2016-09-30 17:53:32'),
(388, '1066734146776706', 'Phuc Nguyen', 0, 61, '', '', '', '0000-00-00 00:00:00', '', '', '', '', '', '', '', '', '0000-00-00 00:00:00', '2016-10-02 03:23:58'),
(389, '1759403357665806', 'Nguyen Bao Ngoc', 0, 61, '', '', '', '0000-00-00 00:00:00', '', '', '', '', '', '', '', '', '0000-00-00 00:00:00', '2016-10-02 03:23:58'),
(390, '1094708397303756', 'Luc Nguyen', 0, 61, '', '', '', '0000-00-00 00:00:00', '', '', '', '', '', '', '', '', '0000-00-00 00:00:00', '2016-10-02 03:23:58'),
(391, '1257709394288166', 'Hoàng Sơn Nguyễn', 0, 61, '', '', '', '0000-00-00 00:00:00', '', '', '', '', '', '', '', '', '0000-00-00 00:00:00', '2016-10-02 03:23:58'),
(392, '559831984222842', 'Nguyễn Hoàng Quân', 0, 61, '', '', '', '0000-00-00 00:00:00', '', '', '', '', '', '', '', '', '0000-00-00 00:00:00', '2016-10-02 03:23:58'),
(393, '616598598513907', 'Quý Nguyễn', 0, 61, '', '', '', '0000-00-00 00:00:00', '', '', '', '', '', '', '', '', '0000-00-00 00:00:00', '2016-10-02 03:23:58'),
(394, '586512868199866', 'Hà Chiêm', 0, 61, '', '', '', '0000-00-00 00:00:00', '', '', '', '', '', '', '', '', '0000-00-00 00:00:00', '2016-10-02 03:23:58'),
(395, '10205453746583382', 'Nguyen Duy Hung', 0, 61, '', '', '', '0000-00-00 00:00:00', '', '', '', '', '', '', '', '', '0000-00-00 00:00:00', '2016-10-02 03:23:58'),
(396, '597906193721618', 'Nan Văn Cô', 0, 61, '', '', '', '0000-00-00 00:00:00', '', '', '', '', '', '', '', '', '0000-00-00 00:00:00', '2016-10-02 03:23:58'),
(397, '855664751237761', 'Mỹ Hạnh Vũ', 0, 61, '', '', '', '0000-00-00 00:00:00', '', '', '', '', '', '', '', '', '0000-00-00 00:00:00', '2016-10-02 03:23:58'),
(398, '1333563490008817', 'Trịnh Bằng', 0, 61, '', '', '', '0000-00-00 00:00:00', '', '', '', '', '', '', '', '', '0000-00-00 00:00:00', '2016-10-02 03:23:58'),
(399, '693463277474066', 'Cuong Vu', 0, 61, '', '', '', '0000-00-00 00:00:00', '', '', '', '', '', '', '', '', '0000-00-00 00:00:00', '2016-10-02 03:23:58'),
(400, '994669214011698', 'Nguyễn Minh Hải', 0, 61, '', '', '', '0000-00-00 00:00:00', '', '', '', '', '', '', '', '', '0000-00-00 00:00:00', '2016-10-02 03:23:58'),
(401, '1124787784278583', 'Nguyễn Trọng Quân', 0, 61, '', '', '', '0000-00-00 00:00:00', '', '', '', '', '', '', '', '', '0000-00-00 00:00:00', '2016-10-02 03:23:58'),
(402, '1071527042895894', 'Vũ Thành Dương', 0, 61, '', '', '', '0000-00-00 00:00:00', '', '', '', '', '', '', '', '', '0000-00-00 00:00:00', '2016-10-02 03:23:58'),
(403, '924936340946243', 'Phuc Nguyen', 0, 61, '', '', '', '0000-00-00 00:00:00', '', '', '', '', '', '', '', '', '0000-00-00 00:00:00', '2016-10-02 03:23:58'),
(404, '793237604113079', 'Kiều Đồng', 0, 61, '', '', '', '0000-00-00 00:00:00', '', '', '', '', '', '', '', '', '0000-00-00 00:00:00', '2016-10-02 03:23:58'),
(405, '1836573363285492', 'Sỉ Quần Bò', 0, 61, '', '', '', '0000-00-00 00:00:00', '', '', '', '', '', '', '', '', '0000-00-00 00:00:00', '2016-10-02 03:23:58'),
(406, '1791344664469100', 'Thien Dao', 0, 61, '', '', '', '0000-00-00 00:00:00', '', '', '', '', '', '', '', '', '0000-00-00 00:00:00', '2016-10-02 03:23:58'),
(407, '511813985688517', 'Lâm Nhật Tiến', 0, 61, '', '', '', '0000-00-00 00:00:00', '', '', '', '', '', '', '', '', '0000-00-00 00:00:00', '2016-10-02 03:23:58'),
(408, '1450438424973336', 'Thuy Gia Nguyen', 0, 61, '', '', '', '0000-00-00 00:00:00', '', '', '', '', '', '', '', '', '0000-00-00 00:00:00', '2016-10-02 03:23:58'),
(409, '340394989627164', 'Nguyen Dung', 0, 61, '', '', '', '0000-00-00 00:00:00', '', '', '', '', '', '', '', '', '0000-00-00 00:00:00', '2016-10-02 03:23:58'),
(410, '1676266115992597', 'Trần Thu Hồng', 0, 61, '', '', '', '0000-00-00 00:00:00', '', '', '', '', '', '', '', '', '0000-00-00 00:00:00', '2016-10-02 03:23:58'),
(411, '1805004299711864', 'Nguyễn Diễm Hương', 0, 61, '', '', '', '0000-00-00 00:00:00', '', '', '', '', '', '', '', '', '0000-00-00 00:00:00', '2016-10-02 03:23:58'),
(412, '570804313110548', 'Anh', 0, 61, '', '', '', '0000-00-00 00:00:00', '', '', '', '', '', '', '', '', '0000-00-00 00:00:00', '2016-10-02 03:23:58'),
(413, '714887412007950', 'Phong Già', 0, 61, '', '', '', '0000-00-00 00:00:00', '', '', '', '', '', '', '', '', '0000-00-00 00:00:00', '2016-10-02 03:23:58'),
(414, '705299246285101', 'Duyen Dinh', 0, 61, '', '', '', '0000-00-00 00:00:00', '', '', '', '', '', '', '', '', '0000-00-00 00:00:00', '2016-10-02 03:23:58'),
(415, '870073606461574', 'Bảo Đậu', 0, 61, '', '', '', '0000-00-00 00:00:00', '', '', '', '', '', '', '', '', '0000-00-00 00:00:00', '2016-10-02 03:23:58'),
(416, '947166655417260', 'Lien DT', 0, 61, '', '', '', '0000-00-00 00:00:00', '', '', '', '', '', '', '', '', '0000-00-00 00:00:00', '2016-10-02 03:23:58'),
(417, '893414044122369', 'Mai Minh Tiến', 0, 61, '', '', '', '0000-00-00 00:00:00', '', '', '', '', '', '', '', '', '0000-00-00 00:00:00', '2016-10-02 03:23:58'),
(418, '1049424755174151', 'Tien Manh', 0, 61, '', '', '', '0000-00-00 00:00:00', '', '', '', '', '', '', '', '', '0000-00-00 00:00:00', '2016-10-02 03:23:58'),
(419, '1086411968139799', 'Duyên Ryal', 0, 61, '', '', '', '0000-00-00 00:00:00', '', '', '', '', '', '', '', '', '0000-00-00 00:00:00', '2016-10-02 03:23:58'),
(420, '966193503491784', 'Thu Vu', 0, 61, '', '', '', '0000-00-00 00:00:00', '', '', '', '', '', '', '', '', '0000-00-00 00:00:00', '2016-10-02 03:23:58'),
(421, '1422251767883899', 'Danh Thái', 0, 61, '', '', '', '0000-00-00 00:00:00', '', '', '', '', '', '', '', '', '0000-00-00 00:00:00', '2016-10-02 03:23:58');

-- --------------------------------------------------------

--
-- Table structure for table `roles`
--

CREATE TABLE IF NOT EXISTS `roles` (
  `RoleId` int(20) NOT NULL AUTO_INCREMENT,
  `RoleName` varchar(30) COLLATE utf8_unicode_ci NOT NULL,
  `Description` varchar(500) COLLATE utf8_unicode_ci NOT NULL,
  PRIMARY KEY (`RoleId`)
) ENGINE=MyISAM  DEFAULT CHARSET=utf8 COLLATE=utf8_unicode_ci AUTO_INCREMENT=36 ;

--
-- Dumping data for table `roles`
--

INSERT INTO `roles` (`RoleId`, `RoleName`, `Description`) VALUES
(1, 'Admin', 'Cho phép cấp quyền cho thành viên khác, quyền cao nhất, có tất cả chức năng khác'),
(3, 'Quản lý nhóm', 'Quyền quản lý nhóm group facebook, có thể thêm nhóm và lấy các thông tin từ facebook mà mình quản lý, được cấp cho thành viên và quản trị'),
(2, 'Quản trị', 'Cấp cao hơn cấp thành viên nhằm phân biệt học sinh sinh viên và thầy giáo, có thể quản lý nhóm thành viên'),
(4, 'Thành viên', 'Mặc định khi đăng kí sẽ có quyền thành viên, tham gia vào cộng đồng, nhận tin xem group, k có quyền add group'),
(5, 'Sửa thông tin cá nhân', 'User tham gia hệ thống có thể Sửa thông tin cá nhân của mình');

-- --------------------------------------------------------

--
-- Table structure for table `status`
--

CREATE TABLE IF NOT EXISTS `status` (
  `StatusId` int(20) NOT NULL AUTO_INCREMENT,
  `Name` varchar(30) COLLATE utf8_unicode_ci NOT NULL,
  `Description` varchar(50) COLLATE utf8_unicode_ci NOT NULL,
  PRIMARY KEY (`StatusId`)
) ENGINE=MyISAM  DEFAULT CHARSET=utf8 COLLATE=utf8_unicode_ci AUTO_INCREMENT=5 ;

--
-- Dumping data for table `status`
--

INSERT INTO `status` (`StatusId`, `Name`, `Description`) VALUES
(1, 'Chưa duyệt', 'Chưa được duyệt qua bởi người quản lý'),
(2, 'Đang duyệt', 'Đang kiểm duyệt qua bởi người quản lý'),
(3, 'Đã duyệt', 'Đã được kiểm duyệt'),
(4, 'Có vấn đề', 'Có vấn đề với thông tin');

-- --------------------------------------------------------

--
-- Table structure for table `users`
--

CREATE TABLE IF NOT EXISTS `users` (
  `UserId` int(20) NOT NULL AUTO_INCREMENT,
  `UserName` varchar(30) COLLATE utf8_unicode_ci NOT NULL,
  `Password` varchar(16) COLLATE utf8_unicode_ci NOT NULL,
  `FullName` varchar(50) COLLATE utf8_unicode_ci DEFAULT NULL,
  `Address1` varchar(100) COLLATE utf8_unicode_ci DEFAULT NULL,
  `Birthday` datetime DEFAULT NULL,
  `PhoneNumber1` varchar(15) COLLATE utf8_unicode_ci DEFAULT NULL,
  `Email` varchar(50) COLLATE utf8_unicode_ci DEFAULT NULL,
  `Gender` varchar(10) COLLATE utf8_unicode_ci DEFAULT NULL,
  `CreateTime` timestamp NOT NULL DEFAULT '0000-00-00 00:00:00',
  `UpdateTime` timestamp NOT NULL DEFAULT '0000-00-00 00:00:00' ON UPDATE CURRENT_TIMESTAMP,
  `Avatar` varchar(100) COLLATE utf8_unicode_ci DEFAULT NULL,
  `PhoneNumber2` varchar(100) COLLATE utf8_unicode_ci DEFAULT NULL,
  `Address2` varchar(100) COLLATE utf8_unicode_ci DEFAULT NULL,
  `Class` varchar(50) COLLATE utf8_unicode_ci DEFAULT NULL,
  `School` varchar(100) COLLATE utf8_unicode_ci DEFAULT NULL,
  `FacebookId` varchar(50) COLLATE utf8_unicode_ci DEFAULT NULL,
  PRIMARY KEY (`UserId`),
  KEY `avatar` (`Avatar`)
) ENGINE=MyISAM  DEFAULT CHARSET=utf8 COLLATE=utf8_unicode_ci AUTO_INCREMENT=25 ;

--
-- Dumping data for table `users`
--

INSERT INTO `users` (`UserId`, `UserName`, `Password`, `FullName`, `Address1`, `Birthday`, `PhoneNumber1`, `Email`, `Gender`, `CreateTime`, `UpdateTime`, `Avatar`, `PhoneNumber2`, `Address2`, `Class`, `School`, `FacebookId`) VALUES
(19, 'Admin', 'admin', 'Admin', '', '1993-05-10 00:00:00', '', 'admin@gmail.com', '2', '2016-01-29 19:40:59', '2016-04-08 16:34:37', NULL, NULL, NULL, '0', NULL, NULL),
(18, 'tritueviet', 'abc', 'TUONG VAN VU', 'Tổ 6 Mỗ Lao Hà Đông Hà Nội', '1993-12-08 00:00:00', '01674183276', 'tritueviet01@yahoo.com', '1', '2016-01-29 19:31:55', '2016-09-30 17:09:37', NULL, '01674183276', 'Thái bình', 'D11CN', 'PTIT', NULL),
(20, 'tho', '123', 'thơ', '1', '2012-12-12 00:00:00', '1', '1', '1', '2016-02-24 10:39:45', '2016-04-03 15:59:15', NULL, NULL, NULL, '', NULL, NULL),
(21, 'tuongvv', 'abc', '', '', '0000-00-00 00:00:00', '', 'tritueviet01@yahoo.com', '', '2016-04-11 17:42:50', '2016-09-30 17:09:29', NULL, '', '', '', '', NULL),
(23, 'testuser1', 'Abc123456', '', '', '0000-00-00 00:00:00', '', 'testuser1@gmail.com', '', '2016-10-02 16:29:22', '2016-10-02 16:29:22', NULL, '', '', '', '', NULL),
(22, 'abc123', 'abc', '', '', '0000-00-00 00:00:00', '', 'abc@yahoo.com', '', '2016-04-12 14:18:45', '2016-09-30 17:09:33', NULL, '', '', '', '', NULL),
(24, 'testuser2', 'Abc123456', '', '', '0000-00-00 00:00:00', '', 'testuser2@gmail.com', '', '2016-10-02 17:06:13', '2016-10-02 17:06:13', NULL, '', '', '', '', NULL);

-- --------------------------------------------------------

--
-- Table structure for table `user_group`
--

CREATE TABLE IF NOT EXISTS `user_group` (
  `UserGroupId` int(20) NOT NULL AUTO_INCREMENT,
  `UserId` int(20) DEFAULT NULL,
  `GroupId` int(20) DEFAULT NULL,
  PRIMARY KEY (`UserGroupId`),
  KEY `fk_user_group_users_idx` (`UserId`),
  KEY `fk_user_group_groups_idx` (`GroupId`)
) ENGINE=MyISAM  DEFAULT CHARSET=utf8 COLLATE=utf8_unicode_ci AUTO_INCREMENT=44 ;

--
-- Dumping data for table `user_group`
--

INSERT INTO `user_group` (`UserGroupId`, `UserId`, `GroupId`) VALUES
(39, 19, 58),
(38, 19, 57),
(37, 19, 56),
(40, 19, 59),
(41, 19, 60),
(42, 18, 58),
(43, 18, 61);

-- --------------------------------------------------------

--
-- Table structure for table `user_groupuser`
--

CREATE TABLE IF NOT EXISTS `user_groupuser` (
  `UserGroupUserId` int(20) NOT NULL AUTO_INCREMENT,
  `UserId` int(20) DEFAULT NULL,
  `GroupUserId` int(20) DEFAULT NULL,
  PRIMARY KEY (`UserGroupUserId`),
  KEY `fk_user_groupuser_users_idx` (`UserId`),
  KEY `fk_user_groupuser_groupuser_idx` (`GroupUserId`)
) ENGINE=MyISAM  DEFAULT CHARSET=utf8 COLLATE=utf8_unicode_ci AUTO_INCREMENT=23 ;

--
-- Dumping data for table `user_groupuser`
--

INSERT INTO `user_groupuser` (`UserGroupUserId`, `UserId`, `GroupUserId`) VALUES
(21, 20, 1),
(16, 18, 1),
(22, 18, 4);

-- --------------------------------------------------------

--
-- Table structure for table `user_role`
--

CREATE TABLE IF NOT EXISTS `user_role` (
  `UserRoleId` int(20) NOT NULL AUTO_INCREMENT,
  `RoleId` int(20) DEFAULT NULL,
  `UserId` int(20) DEFAULT NULL,
  PRIMARY KEY (`UserRoleId`),
  KEY `fk_user_role_users_idx` (`UserId`),
  KEY `fk_user_role_roles_idx` (`RoleId`)
) ENGINE=MyISAM  DEFAULT CHARSET=utf8 COLLATE=utf8_unicode_ci AUTO_INCREMENT=92 ;

--
-- Dumping data for table `user_role`
--

INSERT INTO `user_role` (`UserRoleId`, `RoleId`, `UserId`) VALUES
(74, 3, 18),
(72, 4, 18),
(1, 1, 19),
(75, 2, 19),
(76, 3, 19),
(77, 4, 19),
(78, 5, 19),
(79, 5, 18),
(80, 4, 22),
(81, 5, 22),
(82, 4, 20),
(83, 5, 20),
(84, 2, 23),
(85, 3, 23),
(86, 4, 23),
(87, 5, 23),
(88, 2, 24),
(89, 3, 24),
(90, 4, 24),
(91, 5, 24);

/*!40101 SET CHARACTER_SET_CLIENT=@OLD_CHARACTER_SET_CLIENT */;
/*!40101 SET CHARACTER_SET_RESULTS=@OLD_CHARACTER_SET_RESULTS */;
/*!40101 SET COLLATION_CONNECTION=@OLD_COLLATION_CONNECTION */;
