-- phpMyAdmin SQL Dump
-- version 4.0.4.1
-- http://www.phpmyadmin.net
--
-- Host: 127.0.0.1
-- Generation Time: Oct 12, 2016 at 06:00 PM
-- Server version: 5.6.11
-- PHP Version: 5.5.3

SET SQL_MODE = "NO_AUTO_VALUE_ON_ZERO";
SET time_zone = "+00:00";


/*!40101 SET @OLD_CHARACTER_SET_CLIENT=@@CHARACTER_SET_CLIENT */;
/*!40101 SET @OLD_CHARACTER_SET_RESULTS=@@CHARACTER_SET_RESULTS */;
/*!40101 SET @OLD_COLLATION_CONNECTION=@@COLLATION_CONNECTION */;
/*!40101 SET NAMES utf8 */;

--
-- Database: `thayson`
--
CREATE DATABASE IF NOT EXISTS `thayson` DEFAULT CHARACTER SET utf8 COLLATE utf8_unicode_ci;
USE `thayson`;

-- --------------------------------------------------------

--
-- Table structure for table `comments`
--

CREATE TABLE IF NOT EXISTS `comments` (
  `CommentId` int(20) NOT NULL AUTO_INCREMENT,
  `FacebookIdComment` varchar(30) COLLATE utf8_unicode_ci NOT NULL,
  `FacebookUserIdComment` varchar(30) COLLATE utf8_unicode_ci NOT NULL,
  `Message` text COLLATE utf8_unicode_ci,
  `CreateCommentTime` varchar(100) COLLATE utf8_unicode_ci DEFAULT NULL,
  `StatusId` int(20) DEFAULT NULL,
  `FeedId` int(20) DEFAULT NULL,
  `CreateTime` timestamp NOT NULL DEFAULT '0000-00-00 00:00:00',
  `UpdateTime` timestamp NOT NULL DEFAULT '0000-00-00 00:00:00' ON UPDATE CURRENT_TIMESTAMP,
  PRIMARY KEY (`CommentId`),
  KEY `fk_comments_status_idx` (`StatusId`),
  KEY `fk_comments_feeds_idx` (`FeedId`)
) ENGINE=MyISAM  DEFAULT CHARSET=utf8 COLLATE=utf8_unicode_ci AUTO_INCREMENT=34 ;

--
-- Dumping data for table `comments`
--

INSERT INTO `comments` (`CommentId`, `FacebookIdComment`, `FacebookUserIdComment`, `Message`, `CreateCommentTime`, `StatusId`, `FeedId`, `CreateTime`, `UpdateTime`) VALUES
(1, '1676840489239312', '1763195473949104', ':''( thầy méo mời mình rầu, đến phá thôi :''(', '2016-02-21 17:07:37', 1, 1, '2016-10-04 16:50:00', '0000-00-00 00:00:00'),
(2, '1676916839231677', '10209330492132438', '', '2016-02-21 21:09:07', 1, 1, '2016-10-04 16:50:00', '0000-00-00 00:00:00'),
(3, '1640387779551250', '1883872191844204', '', '2015-11-01 16:20:31', 1, 2, '2016-10-04 16:50:00', '0000-00-00 00:00:00'),
(4, '1640388676217827', '1119926261455939', 'Chà chà...chuẩn bị được ăn cưới rồi...:)))', '2015-11-01 16:26:56', 1, 2, '2016-10-04 16:50:00', '0000-00-00 00:00:00'),
(5, '1640389079551120', '1067097943403904', '', '2015-11-01 16:29:24', 1, 2, '2016-10-04 16:50:00', '0000-00-00 00:00:00'),
(6, '1640390009551027', '1770991363142552', 'Sao quen quá vậy zời ??', '2015-11-01 16:37:18', 1, 2, '2016-10-04 16:50:00', '0000-00-00 00:00:00'),
(7, '1640395079550520', '1053989418047469', 'Thầy theo vợ bỏ ae rồi :v', '2015-11-01 17:06:53', 1, 2, '2016-10-04 16:50:00', '0000-00-00 00:00:00'),
(8, '1640397502883611', '1205871829470762', 'Khối fan đêm nay ôm gối khóc :))', '2015-11-01 17:18:24', 1, 2, '2016-10-04 16:50:00', '0000-00-00 00:00:00'),
(9, '1640418256214869', '1083016148479054', 'xúc động quá :''( cuối cùng thầy cũng được lên xe hoa :''(', '2015-11-01 18:53:31', 1, 2, '2016-10-04 16:50:00', '0000-00-00 00:00:00'),
(10, '1640470299542998', '1763195473949104', 'tại sao thầy bỏ chúng em mà đi :''( tại sao thầy ko giữ nguyên hình tượng gay trong lòng chúng em :''(', '2015-11-01 22:58:36', 1, 2, '2016-10-04 16:50:00', '0000-00-00 00:00:00'),
(11, '1640422692881092', '1127453180668138', 'em tưởng trc thầy add anh rồi , lại bị block hả anh :)))', '2015-11-01 19:12:55', 1, 3, '2016-10-04 16:50:00', '0000-00-00 00:00:00'),
(12, '1640422809547747', '1117708261642965', 'thử post link face thầy lên đây xem nào chú xem có vào đc k', '2015-11-01 19:13:24', 1, 3, '2016-10-04 16:50:00', '0000-00-00 00:00:00'),
(13, '1640422952881066', '1015824935228333', 'Ăn ở thế nào để bị thầy block -_-', '2015-11-01 19:13:55', 1, 3, '2016-10-04 16:50:00', '0000-00-00 00:00:00'),
(14, '1640423222881039', '1117708261642965', ':3   biết đâu đc :|', '2015-11-01 19:14:35', 1, 3, '2016-10-04 16:50:00', '0000-00-00 00:00:00'),
(15, '1640423332881028', '1117708261642965', 'tại cái tên Hưởng Phạm  đó :3', '2015-11-01 19:14:51', 1, 3, '2016-10-04 16:50:00', '0000-00-00 00:00:00'),
(16, '1640423656214329', '1127453180668138', 'https://www.facebook.com/hung.quetavantue', '2015-11-01 19:16:05', 1, 3, '2016-10-04 16:50:00', '0000-00-00 00:00:00'),
(17, '1640423716214323', '1015824935228333', 'Chỉ có đắc tội gì lớn lắm nên thầy mới block hết lần này đến lần khác, thầy là người dễ dãi mà', '2015-11-01 19:16:32', 1, 3, '2016-10-04 16:50:00', '0000-00-00 00:00:00'),
(18, '1640423832880978', '1802669139949178', 'thầy block anh rồi khoognxem được tin này đâu :3', '2015-11-01 19:17:18', 1, 3, '2016-10-04 16:50:00', '0000-00-00 00:00:00'),
(19, '1640423892880972', '1802669139949178', 'biết đâu giờ thầy vui lên lại add lại đó :3', '2015-11-01 19:17:45', 1, 3, '2016-10-04 16:50:00', '0000-00-00 00:00:00'),
(20, '1640423919547636', '1117708261642965', '', '2015-11-01 19:17:50', 1, 3, '2016-10-04 16:50:00', '0000-00-00 00:00:00'),
(21, '1188780567832398', '1117708261642965', 'comment test1', '2016-10-10 21:00:25', 1, 4, '2016-10-10 15:31:21', '0000-00-00 00:00:00'),
(22, '1188780631165725', '1117708261642965', 'comment tes2', '2016-10-10 21:00:32', 1, 4, '2016-10-10 15:31:21', '0000-00-00 00:00:00'),
(23, '1188780641165724', '1117708261642965', 'comment tes3', '2016-10-10 21:00:34', 1, 4, '2016-10-10 15:31:21', '0000-00-00 00:00:00'),
(24, '1188780694499052', '1117708261642965', 'comment test4', '2016-10-10 21:00:39', 1, 4, '2016-10-10 15:31:21', '0000-00-00 00:00:00'),
(25, '1188780714499050', '1117708261642965', 'comment test5', '2016-10-10 21:00:41', 1, 4, '2016-10-10 15:31:21', '0000-00-00 00:00:00'),
(26, '1188780724499049', '1117708261642965', 'comment test6', '2016-10-10 21:00:42', 1, 4, '2016-10-10 15:31:21', '0000-00-00 00:00:00'),
(27, '1188780741165714', '1117708261642965', 'comment test7', '2016-10-10 21:00:44', 1, 4, '2016-10-10 15:31:21', '0000-00-00 00:00:00'),
(28, '1188780751165713', '1117708261642965', 'comment test8', '2016-10-10 21:00:46', 1, 4, '2016-10-10 15:31:21', '0000-00-00 00:00:00'),
(29, '1188780757832379', '1117708261642965', 'comment test9', '2016-10-10 21:00:49', 1, 4, '2016-10-10 15:31:21', '0000-00-00 00:00:00'),
(30, '1188780774499044', '1117708261642965', 'comment test10', '2016-10-10 21:00:51', 1, 4, '2016-10-10 15:31:21', '0000-00-00 00:00:00'),
(31, '1188780807832374', '1117708261642965', 'comment test11', '2016-10-10 21:00:53', 1, 4, '2016-10-10 15:31:21', '0000-00-00 00:00:00'),
(32, '1188780834499038', '1117708261642965', 'comment test12', '2016-10-10 21:00:58', 1, 4, '2016-10-10 15:31:21', '0000-00-00 00:00:00'),
(33, '1190367857673669', '1117708261642965', 'comment feed 1 1', '2016-10-12 21:45:27', 1, 7, '2016-10-12 14:45:35', '0000-00-00 00:00:00');

-- --------------------------------------------------------

--
-- Table structure for table `feeds`
--

CREATE TABLE IF NOT EXISTS `feeds` (
  `FeedId` int(20) NOT NULL AUTO_INCREMENT,
  `FacebookIdFeed` varchar(40) COLLATE utf8_unicode_ci NOT NULL,
  `FacebookUserIdFeed` varchar(30) COLLATE utf8_unicode_ci NOT NULL,
  `Message` text COLLATE utf8_unicode_ci,
  `CreateFeedTime` datetime DEFAULT NULL,
  `UpdateFeedTime` datetime DEFAULT NULL,
  `StatusId` int(20) DEFAULT NULL,
  `GroupId` int(20) DEFAULT NULL,
  `CreateTime` timestamp NOT NULL DEFAULT '0000-00-00 00:00:00',
  `UpdateTime` timestamp NOT NULL DEFAULT '0000-00-00 00:00:00' ON UPDATE CURRENT_TIMESTAMP,
  PRIMARY KEY (`FeedId`),
  KEY `fk_feeds_status_idx` (`StatusId`),
  KEY `fk_feeds_groups_idx` (`GroupId`)
) ENGINE=MyISAM  DEFAULT CHARSET=utf8 COLLATE=utf8_unicode_ci AUTO_INCREMENT=8 ;

--
-- Dumping data for table `feeds`
--

INSERT INTO `feeds` (`FeedId`, `FacebookIdFeed`, `FacebookUserIdFeed`, `Message`, `CreateFeedTime`, `UpdateFeedTime`, `StatusId`, `GroupId`, `CreateTime`, `UpdateTime`) VALUES
(1, '1428254904097873_1676816475908380', '1117708261642965', 'Chúc mừng hạnh phúc của thầy nào mọi người!  Ai đi cưới không?!', '2016-02-21 15:13:05', '2016-02-21 21:09:07', 1, 60, '2016-10-04 16:50:00', '0000-00-00 00:00:00'),
(2, '1428254904097873_1640387746217920', '1117708261642965', 'Cùng chào đón nhân vật admin mới của chúng ta.  có thể nói group sẽ có tên mới: Hội những người phát cuồng vì người yêu thầy .... :p', '2015-11-01 16:20:14', '2015-11-01 22:58:36', 1, 60, '2016-10-04 16:50:00', '0000-00-00 00:00:00'),
(3, '1428254904097873_1640420606214634', '1117708261642965', 'tang tang tang tàng mặc dù bị block face nhưng tôi vẫn hack được tấm ảnh này để chúc phúc cho đôi trai tài gái sắc...', '2015-11-01 19:03:21', '2015-11-01 19:17:50', 1, 60, '2016-10-04 16:50:00', '0000-00-00 00:00:00'),
(4, '548960115147783_1188780514499070', '1117708261642965', 'test thử lần 1', '2016-10-10 21:00:18', '2016-10-10 21:00:58', 1, 58, '2016-10-10 15:31:21', '0000-00-00 00:00:00'),
(5, '548960115147783_1190278007682654', '1117708261642965', 'Test feed 3', '2016-10-12 19:45:37', '2016-10-12 19:45:37', 1, 58, '2016-10-12 14:44:34', '0000-00-00 00:00:00'),
(6, '548960115147783_1190277947682660', '1117708261642965', 'Test feed 2', '2016-10-12 19:45:30', '2016-10-12 19:45:30', 1, 58, '2016-10-12 14:44:35', '0000-00-00 00:00:00'),
(7, '548960115147783_1190277887682666', '1117708261642965', 'Test feed 1', '2016-10-12 19:45:22', '2016-10-12 19:45:22', 1, 58, '2016-10-12 14:44:35', '0000-00-00 00:00:00');

-- --------------------------------------------------------

--
-- Table structure for table `groups`
--

CREATE TABLE IF NOT EXISTS `groups` (
  `GroupId` int(20) NOT NULL AUTO_INCREMENT,
  `FacebookGroupId` varchar(30) COLLATE utf8_unicode_ci NOT NULL,
  `Name` varchar(100) COLLATE utf8_unicode_ci NOT NULL,
  `Privacy` varchar(30) COLLATE utf8_unicode_ci DEFAULT NULL,
  `Description` varchar(500) COLLATE utf8_unicode_ci DEFAULT NULL,
  `Icon` varchar(100) COLLATE utf8_unicode_ci DEFAULT NULL,
  `Email` varchar(30) COLLATE utf8_unicode_ci DEFAULT NULL,
  `Owner` varchar(50) COLLATE utf8_unicode_ci DEFAULT NULL,
  `CreateGroupTime` timestamp NULL DEFAULT NULL,
  `CreateTime` timestamp NOT NULL DEFAULT '0000-00-00 00:00:00',
  `ParentGroupId` int(20) DEFAULT '0',
  PRIMARY KEY (`GroupId`)
) ENGINE=MyISAM  DEFAULT CHARSET=utf8 COLLATE=utf8_unicode_ci AUTO_INCREMENT=63 ;

--
-- Dumping data for table `groups`
--

INSERT INTO `groups` (`GroupId`, `FacebookGroupId`, `Name`, `Privacy`, `Description`, `Icon`, `Email`, `Owner`, `CreateGroupTime`, `CreateTime`, `ParentGroupId`) VALUES
(58, '548960115147783', 'Gà vật lộn', 'CLOSED', '', 'https://static.xx.fbcdn.net/rsrc.php/v2/y2/r/yOUyZI9bori.png', '548960115147783@groups.faceboo', '856760261071101', '0000-00-00 00:00:00', '2016-04-06 16:12:26', 0),
(57, '1649687745294539', 'Team work money', 'SECRET', '', 'https://static.xx.fbcdn.net/rsrc.php/v2/yM/r/tOv73myJSBM.png', '1649687745294539@groups.facebo', '856760261071101', '0000-00-00 00:00:00', '2016-04-05 18:03:44', 0),
(59, '1702859026636936', 'GroupDeTest', 'CLOSED', '', 'https://static.xx.fbcdn.net/rsrc.php/v2/y7/r/zo0PtfLnZLI.png', '1702859026636936@groups.facebo', '141151552894521', '0000-00-00 00:00:00', '2016-04-13 16:12:58', 0),
(60, '1428254904097873', 'Hội những người phát cuồng vì thầy Nguyễn Mạnh Hùng !!', 'OPEN', '', 'https://static.xx.fbcdn.net/rsrc.php/v3/ys/r/oRmDwZ76bCF.png', '1428254904097873@groups.facebo', '856760261071101', '0000-00-00 00:00:00', '2016-09-28 16:13:35', 0),
(61, '281161651982326', 'PTIT Algorithm', 'CLOSED', '', 'https://static.xx.fbcdn.net/rsrc.php/v3/yc/r/r6M6-y3LDAz.png', '281161651982326@groups.faceboo', '1222896191067115', '0000-00-00 00:00:00', '2016-10-02 03:23:58', 0),
(62, '1570578409911539', 'LTHDT_D14_Nhom12345', 'CLOSED', '', 'https://static.xx.fbcdn.net/rsrc.php/v3/yP/r/OaW9iVUiIFk.png', '1570578409911539@groups.facebo', '', '0000-00-00 00:00:00', '2016-10-03 17:36:29', 0);

-- --------------------------------------------------------

--
-- Table structure for table `groupuser`
--

CREATE TABLE IF NOT EXISTS `groupuser` (
  `GroupUserId` int(20) NOT NULL AUTO_INCREMENT,
  `Name` varchar(100) COLLATE utf8_unicode_ci NOT NULL,
  `Description` varchar(500) COLLATE utf8_unicode_ci DEFAULT NULL,
  `UserId` int(20) DEFAULT NULL,
  `CreateTime` timestamp NOT NULL DEFAULT '0000-00-00 00:00:00',
  `UpdateTime` timestamp NOT NULL DEFAULT '0000-00-00 00:00:00' ON UPDATE CURRENT_TIMESTAMP,
  PRIMARY KEY (`GroupUserId`),
  KEY `fk_groupuser_users_idx` (`UserId`)
) ENGINE=MyISAM  DEFAULT CHARSET=utf8 COLLATE=utf8_unicode_ci AUTO_INCREMENT=14 ;

--
-- Dumping data for table `groupuser`
--

INSERT INTO `groupuser` (`GroupUserId`, `Name`, `Description`, `UserId`, `CreateTime`, `UpdateTime`) VALUES
(1, 'D11CNPM', 'd11', 19, '2016-01-29 19:44:21', '2016-01-29 19:44:21'),
(4, 'DVTVT', '', 19, '2016-10-02 02:57:21', '2016-10-02 02:57:21');

-- --------------------------------------------------------

--
-- Table structure for table `inbox`
--

CREATE TABLE IF NOT EXISTS `inbox` (
  `InboxId` int(20) NOT NULL AUTO_INCREMENT,
  `FromUserId` int(20) DEFAULT NULL,
  `ToUserId` int(20) DEFAULT NULL,
  `Subject` varchar(50) COLLATE utf8_unicode_ci DEFAULT NULL,
  `Content` text COLLATE utf8_unicode_ci,
  `Status` varchar(50) COLLATE utf8_unicode_ci DEFAULT NULL,
  `Sentdate` timestamp NOT NULL DEFAULT '0000-00-00 00:00:00',
  `CreateTime` timestamp NOT NULL DEFAULT '0000-00-00 00:00:00',
  `UpdateTime` timestamp NOT NULL DEFAULT '0000-00-00 00:00:00' ON UPDATE CURRENT_TIMESTAMP,
  PRIMARY KEY (`InboxId`),
  KEY `fk_inbox_users_from_idx` (`FromUserId`),
  KEY `fk_inbox_users_to_idx` (`ToUserId`)
) ENGINE=MyISAM  DEFAULT CHARSET=utf8 COLLATE=utf8_unicode_ci AUTO_INCREMENT=56 ;

--
-- Dumping data for table `inbox`
--

INSERT INTO `inbox` (`InboxId`, `FromUserId`, `ToUserId`, `Subject`, `Content`, `Status`, `Sentdate`, `CreateTime`, `UpdateTime`) VALUES
(45, 19, 20, '[send test]', 'ok được rồi', '1', '2016-04-11 11:41:39', '2016-04-11 16:41:39', '2016-04-11 16:41:39'),
(46, 19, 18, '[send test]', 'ok được rồi', '1', '2016-04-11 11:41:39', '2016-04-11 16:41:39', '2016-04-11 16:41:39'),
(47, 18, 18, 'ac', 'test thử!', '1', '2016-04-11 11:52:29', '2016-04-11 16:52:29', '2016-04-11 16:52:29'),
(48, 19, 18, '[test lan 3]', 'câcscascascsacsacsacasc', '1', '2016-04-11 12:11:15', '2016-04-11 17:11:15', '2016-04-11 17:11:15'),
(49, 19, 20, '[send test new]', 'gửi toàn bộ user', '1', '2016-04-12 08:29:29', '2016-04-12 13:29:29', '2016-04-12 13:29:29'),
(50, 19, 18, '[send test new]', 'gửi toàn bộ user', '1', '2016-04-12 08:29:29', '2016-04-12 13:29:29', '2016-04-12 13:29:29'),
(51, 19, 18, 'Test thử bài 1', 'Test thử bài 1 thực hiện như thế nào thôi ....Test thử bài 1 thực hiện như thế nào thôi ....Test thử bài 1 thực hiện như thế nào thôi ....Test thử bài 1 thực hiện như thế nào thôi ....Test thử bài 1 thực hiện như thế nào thôi ....Test thử bài 1 thực hiện như thế nào thôi ....Test thử bài 1 thực hiện như thế nào thôi ....Test thử bài 1 thực hiện như thế nào thôi ....', '1', '2016-10-10 10:36:59', '0000-00-00 00:00:00', '2016-10-10 15:38:39'),
(52, 19, 19, '[', '[123 test]', '1', '2016-10-12 10:41:22', '2016-10-12 10:41:22', '0000-00-00 00:00:00'),
(53, 19, 19, 'html_entity_decode(', 'html_entity_decode(', '1', '2016-10-12 10:42:32', '2016-10-12 10:42:32', '0000-00-00 00:00:00'),
(54, 33, 1, '[Register NEW MEMBER]', 'Hi,\n Tôi mới đăng kí thành viên mới! Xin bạn hãy kiểm duyệt và cấp quyền cho tôi: testuser13', '1', '2016-10-12 10:55:20', '2016-10-12 15:55:20', '0000-00-00 00:00:00'),
(55, 34, 1, '[Register NEW MEMBER]', 'Hi,\n Tôi mới đăng kí thành viên mới! Xin bạn hãy kiểm duyệt và cấp quyền cho tôi: testuser14', '1', '2016-10-12 10:56:52', '2016-10-12 15:56:52', '0000-00-00 00:00:00');

-- --------------------------------------------------------

--
-- Table structure for table `members`
--

CREATE TABLE IF NOT EXISTS `members` (
  `MemberId` int(20) NOT NULL AUTO_INCREMENT,
  `FacebookIdMember` varchar(30) COLLATE utf8_unicode_ci NOT NULL,
  `Name` varchar(100) COLLATE utf8_unicode_ci NOT NULL,
  `Administrator` tinyint(1) DEFAULT NULL,
  `GroupId` int(20) DEFAULT NULL,
  `RealName` varchar(200) COLLATE utf8_unicode_ci DEFAULT NULL,
  `Address1` varchar(100) COLLATE utf8_unicode_ci DEFAULT NULL,
  `Address2` varchar(100) COLLATE utf8_unicode_ci DEFAULT NULL,
  `Birthday` datetime DEFAULT NULL,
  `PhoneNumber1` varchar(15) COLLATE utf8_unicode_ci DEFAULT NULL,
  `PhoneNumber2` varchar(15) COLLATE utf8_unicode_ci DEFAULT NULL,
  `Email` varchar(30) COLLATE utf8_unicode_ci DEFAULT NULL,
  `Gender` varchar(10) COLLATE utf8_unicode_ci DEFAULT NULL,
  `Class` varchar(100) COLLATE utf8_unicode_ci DEFAULT NULL,
  `School` varchar(100) COLLATE utf8_unicode_ci DEFAULT NULL,
  `FacebookLink` varchar(100) COLLATE utf8_unicode_ci DEFAULT NULL,
  `FacebookProfileId` varchar(100) COLLATE utf8_unicode_ci DEFAULT NULL,
  `CreateTime` timestamp NOT NULL DEFAULT '0000-00-00 00:00:00',
  `UpdateTime` timestamp NOT NULL DEFAULT '0000-00-00 00:00:00' ON UPDATE CURRENT_TIMESTAMP,
  PRIMARY KEY (`MemberId`),
  KEY `fk_members_groups_idx` (`GroupId`)
) ENGINE=MyISAM  DEFAULT CHARSET=utf8 COLLATE=utf8_unicode_ci AUTO_INCREMENT=1360 ;

--
-- Dumping data for table `members`
--

INSERT INTO `members` (`MemberId`, `FacebookIdMember`, `Name`, `Administrator`, `GroupId`, `RealName`, `Address1`, `Address2`, `Birthday`, `PhoneNumber1`, `PhoneNumber2`, `Email`, `Gender`, `Class`, `School`, `FacebookLink`, `FacebookProfileId`, `CreateTime`, `UpdateTime`) VALUES
(1359, '341462646196743', 'Loan Loan', 1, 59, '', '', '', '0000-00-00 00:00:00', '', '', '', '', '', '', '', '', '2016-10-12 15:02:42', '0000-00-00 00:00:00'),
(1358, '1117708261642965', 'Tường Vũ', 0, 59, '', '', '', '0000-00-00 00:00:00', '', '', '', '', '', '', '', '', '2016-10-12 15:02:42', '0000-00-00 00:00:00'),
(1357, '1117708261642965', 'Tường Vũ', 1, 57, '', '', '', '0000-00-00 00:00:00', '', '', '', '', '', '', '', '', '2016-10-12 15:02:20', '0000-00-00 00:00:00'),
(1356, '1185459388186688', 'Đông Nguyên', 1, 57, '', '', '', '0000-00-00 00:00:00', '', '', '', '', '', '', '', '', '2016-10-12 15:02:20', '0000-00-00 00:00:00'),
(1355, '1091820464260392', 'Nguyễn Thơ', 0, 57, '', '', '', '0000-00-00 00:00:00', '', '', '', '', '', '', '', '', '2016-10-12 15:02:20', '0000-00-00 00:00:00'),
(1354, '10209677912838934', 'Quang Tran', 0, 60, '', '', '', '0000-00-00 00:00:00', '', '', '', '', '', '', '', '', '2016-10-12 14:46:30', '0000-00-00 00:00:00'),
(1353, '1083016148479054', 'Phượng Đỗ Thị', 0, 60, '', '', '', '0000-00-00 00:00:00', '', '', '', '', '', '', '', '', '2016-10-12 14:46:30', '0000-00-00 00:00:00'),
(1352, '1389791937701197', 'Tuấn Vũ', 0, 60, '', '', '', '0000-00-00 00:00:00', '', '', '', '', '', '', '', '', '2016-10-06 16:00:38', '0000-00-00 00:00:00'),
(1351, '1274459962595655', 'Mạnh Nguyễn Thế', 0, 60, '', '', '', '0000-00-00 00:00:00', '', '', '', '', '', '', '', '', '2016-10-06 16:00:38', '0000-00-00 00:00:00'),
(1350, '1111083315607614', 'Phan Hải', 0, 60, '', '', '', '0000-00-00 00:00:00', '', '', '', '', '', '', '', '', '2016-10-06 16:00:38', '0000-00-00 00:00:00'),
(1349, '1205871829470762', 'Hồng Sơn', 0, 60, '', '', '', '0000-00-00 00:00:00', '', '', '', '', '', '', '', '', '2016-10-06 16:00:38', '0000-00-00 00:00:00'),
(1348, '1099584013444387', 'Trần Hải Đăng', 0, 60, '', '', '', '0000-00-00 00:00:00', '', '', '', '', '', '', '', '', '2016-10-06 16:00:38', '0000-00-00 00:00:00'),
(1347, '1127453180668138', 'Long Pham', 0, 60, '', '', '', '0000-00-00 00:00:00', '', '', '', '', '', '', '', '', '2016-10-06 16:00:38', '0000-00-00 00:00:00'),
(1346, '1117708261642965', 'Tường Vũ', 1, 60, '', '', '', '0000-00-00 00:00:00', '', '', '', '', '', '', '', '', '2016-10-06 16:00:38', '0000-00-00 00:00:00'),
(1345, '918845304887545', 'Tìm Lại Bầu Trời', 0, 60, '', '', '', '0000-00-00 00:00:00', '', '', '', '', '', '', '', '', '2016-10-06 16:00:38', '0000-00-00 00:00:00'),
(1344, '1048143505302804', 'Hieu Dinh', 0, 60, '', '', '', '0000-00-00 00:00:00', '', '', '', '', '', '', '', '', '2016-10-06 16:00:38', '0000-00-00 00:00:00'),
(1343, '1014813045304956', 'Huyền Nguyễn', 0, 60, '', '', '', '0000-00-00 00:00:00', '', '', '', '', '', '', '', '', '2016-10-06 16:00:38', '0000-00-00 00:00:00'),
(1342, '896283157169641', 'Phan Anh', 0, 60, '', '', '', '0000-00-00 00:00:00', '', '', '', '', '', '', '', '', '2016-10-06 16:00:38', '0000-00-00 00:00:00'),
(1341, '929637647168535', 'Phạm Văn Thơm', 0, 60, '', '', '', '0000-00-00 00:00:00', '', '', '', '', '', '', '', '', '2016-10-06 16:00:38', '0000-00-00 00:00:00'),
(1340, '1015824935228333', 'Gen Kaori', 0, 60, '', '', '', '0000-00-00 00:00:00', '', '', '', '', '', '', '', '', '2016-10-06 16:00:38', '0000-00-00 00:00:00'),
(1339, '960554740757334', 'Yeunu Thongminh', 0, 60, '', '', '', '0000-00-00 00:00:00', '', '', '', '', '', '', '', '', '2016-10-06 16:00:38', '0000-00-00 00:00:00'),
(1338, '714175262067146', 'Yến Trần', 0, 60, '', '', '', '0000-00-00 00:00:00', '', '', '', '', '', '', '', '', '2016-10-06 16:00:38', '0000-00-00 00:00:00'),
(1337, '654962538005961', 'Duy Anh Đinh', 0, 60, '', '', '', '0000-00-00 00:00:00', '', '', '', '', '', '', '', '', '2016-10-06 16:00:38', '0000-00-00 00:00:00'),
(1336, '620923504746457', 'Phạm Hạnh', 0, 60, '', '', '', '0000-00-00 00:00:00', '', '', '', '', '', '', '', '', '2016-10-06 16:00:38', '0000-00-00 00:00:00'),
(1335, '1802669139949178', 'Hưởng Phạm', 1, 60, '', '', '', '0000-00-00 00:00:00', '', '', '', '', '', '', '', '', '2016-10-06 16:00:38', '0000-00-00 00:00:00'),
(1334, '1883872191844204', 'Luyện Nguyễn', 0, 60, '', '', '', '0000-00-00 00:00:00', '', '', '', '', '', '', '', '', '2016-10-06 16:00:38', '0000-00-00 00:00:00'),
(1333, '1805489679732840', 'Duc Nguyen', 0, 60, '', '', '', '0000-00-00 00:00:00', '', '', '', '', '', '', '', '', '2016-10-06 16:00:38', '0000-00-00 00:00:00'),
(1332, '1057054104407923', 'Trần Thanh Xuân', 0, 60, '', '', '', '0000-00-00 00:00:00', '', '', '', '', '', '', '', '', '2016-10-06 16:00:38', '0000-00-00 00:00:00'),
(1331, '1119926261455939', 'Robb Thành', 0, 60, '', '', '', '0000-00-00 00:00:00', '', '', '', '', '', '', '', '', '2016-10-06 16:00:38', '0000-00-00 00:00:00'),
(1330, '626741744165334', 'Bố Đốp', 0, 60, '', '', '', '0000-00-00 00:00:00', '', '', '', '', '', '', '', '', '2016-10-06 16:00:38', '0000-00-00 00:00:00'),
(1329, '575526015964944', 'Minh Phuong', 0, 60, '', '', '', '0000-00-00 00:00:00', '', '', '', '', '', '', '', '', '2016-10-06 16:00:38', '0000-00-00 00:00:00'),
(1328, '959064950869891', 'Hằng Thu', 0, 60, '', '', '', '0000-00-00 00:00:00', '', '', '', '', '', '', '', '', '2016-10-06 16:00:38', '0000-00-00 00:00:00'),
(1327, '1091820464260392', 'Nguyễn Thơ', 0, 60, '', '', '', '0000-00-00 00:00:00', '', '', '', '', '', '', '', '', '2016-10-06 16:00:38', '0000-00-00 00:00:00'),
(1326, '947470085358200', 'Tuấn Anh Nguyễn', 0, 60, '', '', '', '0000-00-00 00:00:00', '', '', '', '', '', '', '', '', '2016-10-06 16:00:38', '0000-00-00 00:00:00'),
(1325, '1430077120341695', 'Bùi Kiên', 0, 60, '', '', '', '0000-00-00 00:00:00', '', '', '', '', '', '', '', '', '2016-10-06 16:00:38', '0000-00-00 00:00:00'),
(1324, '1101079549975351', 'Đô Thị Hương', 0, 60, '', '', '', '0000-00-00 00:00:00', '', '', '', '', '', '', '', '', '2016-10-06 16:00:38', '0000-00-00 00:00:00'),
(1323, '1215284128533887', 'Phạm Tân', 0, 60, '', '', '', '0000-00-00 00:00:00', '', '', '', '', '', '', '', '', '2016-10-06 16:00:38', '0000-00-00 00:00:00'),
(1322, '559780284227105', 'Đào Duy Đạt', 0, 60, '', '', '', '0000-00-00 00:00:00', '', '', '', '', '', '', '', '', '2016-10-06 16:00:38', '0000-00-00 00:00:00'),
(1321, '1045030665611701', 'Đinh Văn Quý', 0, 60, '', '', '', '0000-00-00 00:00:00', '', '', '', '', '', '', '', '', '2016-10-06 16:00:38', '0000-00-00 00:00:00'),
(1320, '1059775790805553', 'Ốc Sên', 0, 60, '', '', '', '0000-00-00 00:00:00', '', '', '', '', '', '', '', '', '2016-10-06 16:00:38', '0000-00-00 00:00:00'),
(1319, '1067616813353836', 'Cá Cơm', 0, 60, '', '', '', '0000-00-00 00:00:00', '', '', '', '', '', '', '', '', '2016-10-06 16:00:38', '0000-00-00 00:00:00'),
(1318, '912884088823745', 'Nguyễn Viết Hưng', 0, 60, '', '', '', '0000-00-00 00:00:00', '', '', '', '', '', '', '', '', '2016-10-06 16:00:38', '0000-00-00 00:00:00'),
(1317, '1056652477785561', 'Ngọc Quý Trần', 0, 60, '', '', '', '0000-00-00 00:00:00', '', '', '', '', '', '', '', '', '2016-10-06 16:00:38', '0000-00-00 00:00:00'),
(1316, '1053989418047469', 'Thành Lê', 0, 60, '', '', '', '0000-00-00 00:00:00', '', '', '', '', '', '', '', '', '2016-10-06 16:00:38', '0000-00-00 00:00:00'),
(1315, '1466500396709753', 'Nguyễn Xuân Nguyên', 0, 60, '', '', '', '0000-00-00 00:00:00', '', '', '', '', '', '', '', '', '2016-10-06 16:00:38', '0000-00-00 00:00:00'),
(1314, '1041463355973372', 'Tú Anh Lê', 0, 60, '', '', '', '0000-00-00 00:00:00', '', '', '', '', '', '', '', '', '2016-10-06 16:00:38', '0000-00-00 00:00:00'),
(1313, '975579892554451', 'Lan Anh Đỗ', 0, 60, '', '', '', '0000-00-00 00:00:00', '', '', '', '', '', '', '', '', '2016-10-06 16:00:38', '0000-00-00 00:00:00'),
(1312, '1091848240928341', 'Vuong Le', 0, 60, '', '', '', '0000-00-00 00:00:00', '', '', '', '', '', '', '', '', '2016-10-06 16:00:38', '0000-00-00 00:00:00'),
(1311, '998545493589850', 'Lê Quý Dương', 0, 60, '', '', '', '0000-00-00 00:00:00', '', '', '', '', '', '', '', '', '2016-10-06 16:00:38', '0000-00-00 00:00:00'),
(1310, '1045674865545180', 'Minh Sáng', 0, 60, '', '', '', '0000-00-00 00:00:00', '', '', '', '', '', '', '', '', '2016-10-06 16:00:38', '0000-00-00 00:00:00'),
(1309, '742618255876822', 'Nguyễn Duy', 0, 60, '', '', '', '0000-00-00 00:00:00', '', '', '', '', '', '', '', '', '2016-10-06 16:00:37', '0000-00-00 00:00:00'),
(1308, '1099249563478246', 'Đạt Nguyễn Tiến', 0, 60, '', '', '', '0000-00-00 00:00:00', '', '', '', '', '', '', '', '', '2016-10-06 16:00:37', '0000-00-00 00:00:00'),
(1307, '1109083409205779', 'Hung Ta', 0, 60, '', '', '', '0000-00-00 00:00:00', '', '', '', '', '', '', '', '', '2016-10-06 16:00:37', '0000-00-00 00:00:00'),
(1306, '1354770264563266', 'Vinh Huy Tran', 0, 60, '', '', '', '0000-00-00 00:00:00', '', '', '', '', '', '', '', '', '2016-10-06 16:00:37', '0000-00-00 00:00:00'),
(1305, '875528685880326', 'Ancol Lát', 0, 60, '', '', '', '0000-00-00 00:00:00', '', '', '', '', '', '', '', '', '2016-10-06 16:00:37', '0000-00-00 00:00:00'),
(1304, '969346203174036', 'Phạm Xuân Quyền', 0, 60, '', '', '', '0000-00-00 00:00:00', '', '', '', '', '', '', '', '', '2016-10-06 16:00:37', '0000-00-00 00:00:00'),
(1303, '994977353947916', 'Đức Khả Lê', 0, 60, '', '', '', '0000-00-00 00:00:00', '', '', '', '', '', '', '', '', '2016-10-06 16:00:37', '0000-00-00 00:00:00'),
(1302, '1031939296923302', 'Ngọn Hải Đăng', 0, 60, '', '', '', '0000-00-00 00:00:00', '', '', '', '', '', '', '', '', '2016-10-06 16:00:37', '0000-00-00 00:00:00'),
(1301, '1415993711748438', 'Hán Việt Hưng', 0, 60, '', '', '', '0000-00-00 00:00:00', '', '', '', '', '', '', '', '', '2016-10-06 16:00:37', '0000-00-00 00:00:00'),
(1300, '1038247959604368', 'Alonely Distar', 0, 60, '', '', '', '0000-00-00 00:00:00', '', '', '', '', '', '', '', '', '2016-10-06 16:00:37', '0000-00-00 00:00:00'),
(1299, '1050572788395335', 'Nguyễn Thu Thảo', 0, 60, '', '', '', '0000-00-00 00:00:00', '', '', '', '', '', '', '', '', '2016-10-06 16:00:37', '0000-00-00 00:00:00'),
(1298, '1212454175478780', 'Duy Racer', 0, 60, '', '', '', '0000-00-00 00:00:00', '', '', '', '', '', '', '', '', '2016-10-06 16:00:37', '0000-00-00 00:00:00'),
(1297, '1837384036402447', 'Tao Tên Sáng', 0, 60, '', '', '', '0000-00-00 00:00:00', '', '', '', '', '', '', '', '', '2016-10-06 16:00:37', '0000-00-00 00:00:00'),
(1296, '1054180601365856', 'Tuyệt Cú Mèo', 0, 60, '', '', '', '0000-00-00 00:00:00', '', '', '', '', '', '', '', '', '2016-10-06 16:00:37', '0000-00-00 00:00:00'),
(1295, '1078891772226817', 'Ngọc Bùi Thị', 0, 60, '', '', '', '0000-00-00 00:00:00', '', '', '', '', '', '', '', '', '2016-10-06 16:00:37', '0000-00-00 00:00:00'),
(1294, '693532107466066', 'Hương Hương', 0, 60, '', '', '', '0000-00-00 00:00:00', '', '', '', '', '', '', '', '', '2016-10-06 16:00:37', '0000-00-00 00:00:00'),
(1293, '1058884254224961', 'Phuong Tran', 0, 60, '', '', '', '0000-00-00 00:00:00', '', '', '', '', '', '', '', '', '2016-10-06 16:00:37', '0000-00-00 00:00:00'),
(1292, '1075657212548218', 'Hoàng Văn Công', 0, 60, '', '', '', '0000-00-00 00:00:00', '', '', '', '', '', '', '', '', '2016-10-06 16:00:37', '0000-00-00 00:00:00'),
(1291, '1232739806833858', 'Lê Đức Bảy', 0, 60, '', '', '', '0000-00-00 00:00:00', '', '', '', '', '', '', '', '', '2016-10-06 16:00:37', '0000-00-00 00:00:00'),
(1290, '1850451185188593', 'Nguyễn Thế Toán', 0, 60, '', '', '', '0000-00-00 00:00:00', '', '', '', '', '', '', '', '', '2016-10-06 16:00:37', '0000-00-00 00:00:00'),
(1289, '1393777250666866', 'Nguyễn Bá Ngọc', 0, 60, '', '', '', '0000-00-00 00:00:00', '', '', '', '', '', '', '', '', '2016-10-06 16:00:37', '0000-00-00 00:00:00'),
(1288, '1061516090634075', 'Thúy Hằng Nguyễn', 0, 60, '', '', '', '0000-00-00 00:00:00', '', '', '', '', '', '', '', '', '2016-10-06 16:00:37', '0000-00-00 00:00:00'),
(1287, '1194081667323159', 'Quý Tiến', 0, 60, '', '', '', '0000-00-00 00:00:00', '', '', '', '', '', '', '', '', '2016-10-06 16:00:37', '0000-00-00 00:00:00'),
(1286, '1198496673545328', 'Lê Thị Hồng Hạnh', 0, 60, '', '', '', '0000-00-00 00:00:00', '', '', '', '', '', '', '', '', '2016-10-06 16:00:37', '0000-00-00 00:00:00'),
(1285, '1170493193020702', 'Phạm Thế Duyệt', 0, 60, '', '', '', '0000-00-00 00:00:00', '', '', '', '', '', '', '', '', '2016-10-06 16:00:37', '0000-00-00 00:00:00'),
(1284, '954006608078545', 'Nguyễn Ngọc Anh', 0, 60, '', '', '', '0000-00-00 00:00:00', '', '', '', '', '', '', '', '', '2016-10-06 16:00:37', '0000-00-00 00:00:00'),
(1283, '10210724205092387', 'Dương Khánh Chương', 0, 60, '', '', '', '0000-00-00 00:00:00', '', '', '', '', '', '', '', '', '2016-10-06 16:00:37', '0000-00-00 00:00:00'),
(1282, '617786628383187', 'Thành Đạt Mai', 0, 60, '', '', '', '0000-00-00 00:00:00', '', '', '', '', '', '', '', '', '2016-10-06 16:00:37', '0000-00-00 00:00:00'),
(1281, '1729364000657333', 'Tuấn Nguyễn', 0, 60, '', '', '', '0000-00-00 00:00:00', '', '', '', '', '', '', '', '', '2016-10-06 16:00:37', '0000-00-00 00:00:00'),
(1280, '1192769154152871', 'Hậu Hóm Hỉnh', 0, 60, '', '', '', '0000-00-00 00:00:00', '', '', '', '', '', '', '', '', '2016-10-06 16:00:37', '0000-00-00 00:00:00'),
(1279, '1315810765095838', 'Steven Lee', 0, 60, '', '', '', '0000-00-00 00:00:00', '', '', '', '', '', '', '', '', '2016-10-06 16:00:37', '0000-00-00 00:00:00'),
(1278, '1335026373181971', 'Thiệu Nguyễn', 0, 60, '', '', '', '0000-00-00 00:00:00', '', '', '', '', '', '', '', '', '2016-10-06 16:00:37', '0000-00-00 00:00:00'),
(1277, '1057173021046935', 'Nguyễn Hoàng Sơn', 0, 60, '', '', '', '0000-00-00 00:00:00', '', '', '', '', '', '', '', '', '2016-10-06 16:00:37', '0000-00-00 00:00:00'),
(1276, '948394771973572', 'Nguyên Thảo', 0, 60, '', '', '', '0000-00-00 00:00:00', '', '', '', '', '', '', '', '', '2016-10-06 16:00:37', '0000-00-00 00:00:00'),
(1275, '10205589958427578', 'Dang Hoang', 0, 60, '', '', '', '0000-00-00 00:00:00', '', '', '', '', '', '', '', '', '2016-10-06 16:00:37', '0000-00-00 00:00:00'),
(1274, '899386120166720', 'Giang', 0, 60, '', '', '', '0000-00-00 00:00:00', '', '', '', '', '', '', '', '', '2016-10-06 16:00:37', '0000-00-00 00:00:00'),
(1273, '835190966619477', 'Vũ Văn Dũng', 0, 60, '', '', '', '0000-00-00 00:00:00', '', '', '', '', '', '', '', '', '2016-10-06 16:00:37', '0000-00-00 00:00:00'),
(1272, '1854452791434380', 'Yến Hoa', 0, 60, '', '', '', '0000-00-00 00:00:00', '', '', '', '', '', '', '', '', '2016-10-06 16:00:37', '0000-00-00 00:00:00'),
(1271, '1293978403975822', 'Trần Văn Nhất', 0, 60, '', '', '', '0000-00-00 00:00:00', '', '', '', '', '', '', '', '', '2016-10-06 16:00:37', '0000-00-00 00:00:00'),
(1270, '955345684592014', 'Phuong Tran', 0, 60, '', '', '', '0000-00-00 00:00:00', '', '', '', '', '', '', '', '', '2016-10-06 16:00:37', '0000-00-00 00:00:00'),
(1269, '981759555303936', 'Nguyễn Huệ', 0, 60, '', '', '', '0000-00-00 00:00:00', '', '', '', '', '', '', '', '', '2016-10-06 16:00:37', '0000-00-00 00:00:00'),
(1268, '676576195832053', 'Ssd Ptit', 0, 60, '', '', '', '0000-00-00 00:00:00', '', '', '', '', '', '', '', '', '2016-10-06 16:00:37', '0000-00-00 00:00:00'),
(1267, '1212557992100839', 'Mai Thu Nga', 0, 60, '', '', '', '0000-00-00 00:00:00', '', '', '', '', '', '', '', '', '2016-10-06 16:00:37', '0000-00-00 00:00:00'),
(1266, '1133673496719924', 'Đào Hoàng Tiến', 0, 60, '', '', '', '0000-00-00 00:00:00', '', '', '', '', '', '', '', '', '2016-10-06 16:00:37', '0000-00-00 00:00:00'),
(1265, '897575540374898', 'Nguyễn ThuHương', 0, 60, '', '', '', '0000-00-00 00:00:00', '', '', '', '', '', '', '', '', '2016-10-06 16:00:37', '2016-10-12 14:46:30'),
(1264, '1286420711377734', 'Tiến An', 0, 60, '', '', '', '0000-00-00 00:00:00', '', '', '', '', '', '', '', '', '2016-10-06 16:00:37', '0000-00-00 00:00:00'),
(1263, '1409087605787297', 'Ngô Lan Hoa', 0, 60, '', '', '', '0000-00-00 00:00:00', '', '', '', '', '', '', '', '', '2016-10-06 16:00:37', '0000-00-00 00:00:00'),
(1262, '951941454933249', 'Bùi Hồng Sơn', 0, 60, '', '', '', '0000-00-00 00:00:00', '', '', '', '', '', '', '', '', '2016-10-06 16:00:37', '0000-00-00 00:00:00'),
(1261, '1092007757581038', 'Dương Tiến Đỗ', 0, 60, '', '', '', '0000-00-00 00:00:00', '', '', '', '', '', '', '', '', '2016-10-06 16:00:37', '0000-00-00 00:00:00'),
(1260, '10210415965697243', 'Cuong Pham', 0, 60, '', '', '', '0000-00-00 00:00:00', '', '', '', '', '', '', '', '', '2016-10-06 16:00:37', '0000-00-00 00:00:00'),
(1259, '967727153338919', 'Lien Lien Dang', 0, 60, '', '', '', '0000-00-00 00:00:00', '', '', '', '', '', '', '', '', '2016-10-06 16:00:37', '0000-00-00 00:00:00'),
(1258, '1056614181117780', 'Pich Phi', 0, 60, '', '', '', '0000-00-00 00:00:00', '', '', '', '', '', '', '', '', '2016-10-06 16:00:37', '0000-00-00 00:00:00'),
(1257, '1769231840029189', 'Diễm Vũ', 0, 60, '', '', '', '0000-00-00 00:00:00', '', '', '', '', '', '', '', '', '2016-10-06 16:00:37', '0000-00-00 00:00:00'),
(1256, '1360660983961227', 'Thuan Do Duc', 0, 60, '', '', '', '0000-00-00 00:00:00', '', '', '', '', '', '', '', '', '2016-10-06 16:00:37', '0000-00-00 00:00:00'),
(1255, '1813766455533000', 'An Thu Thảo', 0, 60, '', '', '', '0000-00-00 00:00:00', '', '', '', '', '', '', '', '', '2016-10-06 16:00:37', '0000-00-00 00:00:00'),
(1254, '1028971610544716', 'Nguyễn Văn Huân', 0, 60, '', '', '', '0000-00-00 00:00:00', '', '', '', '', '', '', '', '', '2016-10-06 16:00:37', '0000-00-00 00:00:00'),
(1253, '1783764801895135', 'Chung Văn', 0, 60, '', '', '', '0000-00-00 00:00:00', '', '', '', '', '', '', '', '', '2016-10-06 16:00:37', '0000-00-00 00:00:00'),
(1252, '1763195473949104', 'Kiên Trần', 0, 60, '', '', '', '0000-00-00 00:00:00', '', '', '', '', '', '', '', '', '2016-10-06 16:00:37', '0000-00-00 00:00:00'),
(1251, '1104099499666274', 'Trần Quang Khải', 0, 60, '', '', '', '0000-00-00 00:00:00', '', '', '', '', '', '', '', '', '2016-10-06 16:00:37', '0000-00-00 00:00:00'),
(1250, '1417034078325162', 'Nguyễn Văn Đức', 0, 60, '', '', '', '0000-00-00 00:00:00', '', '', '', '', '', '', '', '', '2016-10-06 16:00:37', '0000-00-00 00:00:00'),
(1249, '859112367558210', 'Huong Lee', 0, 60, '', '', '', '0000-00-00 00:00:00', '', '', '', '', '', '', '', '', '2016-10-06 16:00:37', '0000-00-00 00:00:00'),
(1248, '1795295834018377', 'Lê Văn Các', 0, 60, '', '', '', '0000-00-00 00:00:00', '', '', '', '', '', '', '', '', '2016-10-06 16:00:37', '0000-00-00 00:00:00'),
(1247, '887622338037484', 'Minh Đức', 0, 60, '', '', '', '0000-00-00 00:00:00', '', '', '', '', '', '', '', '', '2016-10-06 16:00:37', '0000-00-00 00:00:00'),
(1246, '1115403608549231', 'Nguyễn Hoa', 0, 60, '', '', '', '0000-00-00 00:00:00', '', '', '', '', '', '', '', '', '2016-10-06 16:00:37', '0000-00-00 00:00:00'),
(1245, '1031023797008941', 'Lê Đức Hùng', 0, 60, '', '', '', '0000-00-00 00:00:00', '', '', '', '', '', '', '', '', '2016-10-06 16:00:37', '0000-00-00 00:00:00'),
(1244, '720453504778173', 'Thành Trung', 0, 60, '', '', '', '0000-00-00 00:00:00', '', '', '', '', '', '', '', '', '2016-10-06 16:00:37', '0000-00-00 00:00:00'),
(1243, '948098632003508', 'Trần Quang Hiệp', 0, 60, '', '', '', '0000-00-00 00:00:00', '', '', '', '', '', '', '', '', '2016-10-06 16:00:37', '0000-00-00 00:00:00'),
(1242, '650470858448888', 'Nguyen Thu Hien', 0, 60, '', '', '', '0000-00-00 00:00:00', '', '', '', '', '', '', '', '', '2016-10-06 16:00:37', '0000-00-00 00:00:00'),
(1241, '1425205720842335', 'Thu Hang Nguyen', 0, 60, '', '', '', '0000-00-00 00:00:00', '', '', '', '', '', '', '', '', '2016-10-06 16:00:37', '0000-00-00 00:00:00'),
(1240, '898148176982306', 'Nam Thắng', 0, 60, '', '', '', '0000-00-00 00:00:00', '', '', '', '', '', '', '', '', '2016-10-06 16:00:37', '0000-00-00 00:00:00'),
(1239, '1087115378068544', 'Nguyễn Cường', 0, 60, '', '', '', '0000-00-00 00:00:00', '', '', '', '', '', '', '', '', '2016-10-06 16:00:37', '0000-00-00 00:00:00'),
(1238, '1084228841698768', 'Lê Thùy Linh', 0, 60, '', '', '', '0000-00-00 00:00:00', '', '', '', '', '', '', '', '', '2016-10-06 16:00:37', '0000-00-00 00:00:00'),
(1237, '1756557754597417', 'Huy Nguyen Xuan', 0, 60, '', '', '', '0000-00-00 00:00:00', '', '', '', '', '', '', '', '', '2016-10-06 16:00:37', '0000-00-00 00:00:00'),
(1236, '1795137450770839', 'Hợp Tấn', 0, 60, '', '', '', '0000-00-00 00:00:00', '', '', '', '', '', '', '', '', '2016-10-06 16:00:37', '0000-00-00 00:00:00'),
(1235, '964070220369994', 'Minh Tường', 0, 60, '', '', '', '0000-00-00 00:00:00', '', '', '', '', '', '', '', '', '2016-10-06 16:00:37', '0000-00-00 00:00:00'),
(1234, '905920586204930', 'Quan Viet Nguyen', 0, 60, '', '', '', '0000-00-00 00:00:00', '', '', '', '', '', '', '', '', '2016-10-06 16:00:37', '0000-00-00 00:00:00'),
(1233, '980487182060678', 'Nguyễn Quyên', 0, 60, '', '', '', '0000-00-00 00:00:00', '', '', '', '', '', '', '', '', '2016-10-06 16:00:37', '0000-00-00 00:00:00'),
(1232, '579358838938207', 'Tuyết Rơi Mùa Hè', 0, 60, '', '', '', '0000-00-00 00:00:00', '', '', '', '', '', '', '', '', '2016-10-06 16:00:37', '0000-00-00 00:00:00'),
(1231, '1774794229457623', 'Phòng Vé Phú An', 0, 60, '', '', '', '0000-00-00 00:00:00', '', '', '', '', '', '', '', '', '2016-10-06 16:00:37', '0000-00-00 00:00:00'),
(1230, '951503031645773', 'Lệ Thảo', 0, 60, '', '', '', '0000-00-00 00:00:00', '', '', '', '', '', '', '', '', '2016-10-06 16:00:37', '0000-00-00 00:00:00'),
(1229, '1779038768974779', 'Nguyễn Giang', 0, 60, '', '', '', '0000-00-00 00:00:00', '', '', '', '', '', '', '', '', '2016-10-06 16:00:37', '0000-00-00 00:00:00'),
(1228, '10209330492132438', 'Dương Du Viên', 0, 60, '', '', '', '0000-00-00 00:00:00', '', '', '', '', '', '', '', '', '2016-10-06 16:00:37', '0000-00-00 00:00:00'),
(1227, '1072920822815096', 'Ngoc Diem', 0, 60, '', '', '', '0000-00-00 00:00:00', '', '', '', '', '', '', '', '', '2016-10-06 16:00:37', '0000-00-00 00:00:00'),
(1226, '906076789537076', 'Tra le Thanh', 0, 60, '', '', '', '0000-00-00 00:00:00', '', '', '', '', '', '', '', '', '2016-10-06 16:00:37', '0000-00-00 00:00:00'),
(1225, '1298376796840297', 'Dat Đủng Đỉnh', 0, 60, '', '', '', '0000-00-00 00:00:00', '', '', '', '', '', '', '', '', '2016-10-06 16:00:37', '0000-00-00 00:00:00'),
(1224, '1260525117332796', 'Phố Nhà Chung', 0, 60, '', '', '', '0000-00-00 00:00:00', '', '', '', '', '', '', '', '', '2016-10-06 16:00:37', '0000-00-00 00:00:00'),
(1223, '722128167939651', 'Nguyễn Duy', 0, 60, '', '', '', '0000-00-00 00:00:00', '', '', '', '', '', '', '', '', '2016-10-06 16:00:37', '0000-00-00 00:00:00'),
(1222, '936976656407423', 'Thành', 0, 60, '', '', '', '0000-00-00 00:00:00', '', '', '', '', '', '', '', '', '2016-10-06 16:00:37', '0000-00-00 00:00:00'),
(1221, '1270928439637984', 'Dao Bau', 0, 60, '', '', '', '0000-00-00 00:00:00', '', '', '', '', '', '', '', '', '2016-10-06 16:00:37', '0000-00-00 00:00:00'),
(1220, '1070864069696193', 'Lê Đức Nghĩa', 0, 60, '', '', '', '0000-00-00 00:00:00', '', '', '', '', '', '', '', '', '2016-10-06 16:00:37', '0000-00-00 00:00:00'),
(1219, '692174110939528', 'Trần Linh', 0, 60, '', '', '', '0000-00-00 00:00:00', '', '', '', '', '', '', '', '', '2016-10-06 16:00:37', '0000-00-00 00:00:00'),
(1218, '1821791414774250', 'Lê Thảo', 0, 60, '', '', '', '0000-00-00 00:00:00', '', '', '', '', '', '', '', '', '2016-10-06 16:00:37', '0000-00-00 00:00:00'),
(1217, '961281640684621', 'Kiều Thủy', 0, 60, '', '', '', '0000-00-00 00:00:00', '', '', '', '', '', '', '', '', '2016-10-06 16:00:37', '0000-00-00 00:00:00'),
(1216, '1648679055444916', 'Đức Nguyễn', 0, 60, '', '', '', '0000-00-00 00:00:00', '', '', '', '', '', '', '', '', '2016-10-06 16:00:37', '0000-00-00 00:00:00'),
(1215, '704630209689489', 'Bình Thường', 0, 60, '', '', '', '0000-00-00 00:00:00', '', '', '', '', '', '', '', '', '2016-10-06 16:00:37', '0000-00-00 00:00:00'),
(1214, '1124225907665072', 'Dương Tuyết Trinh', 0, 60, '', '', '', '0000-00-00 00:00:00', '', '', '', '', '', '', '', '', '2016-10-06 16:00:37', '0000-00-00 00:00:00'),
(1213, '1651534428491148', 'Trang Kieu', 0, 60, '', '', '', '0000-00-00 00:00:00', '', '', '', '', '', '', '', '', '2016-10-06 16:00:37', '0000-00-00 00:00:00'),
(1212, '1627950604164244', 'Nguyễn Văn Hà', 0, 60, '', '', '', '0000-00-00 00:00:00', '', '', '', '', '', '', '', '', '2016-10-06 16:00:37', '0000-00-00 00:00:00'),
(1211, '1099735500092528', 'Tuan Ng', 0, 60, '', '', '', '0000-00-00 00:00:00', '', '', '', '', '', '', '', '', '2016-10-06 16:00:37', '0000-00-00 00:00:00'),
(1210, '1065117600275236', 'Tuan Quach', 0, 60, '', '', '', '0000-00-00 00:00:00', '', '', '', '', '', '', '', '', '2016-10-06 16:00:37', '0000-00-00 00:00:00'),
(1209, '961321717346667', 'Anh Quan', 0, 60, '', '', '', '0000-00-00 00:00:00', '', '', '', '', '', '', '', '', '2016-10-06 16:00:37', '0000-00-00 00:00:00'),
(1208, '919728311504873', 'Đình Nguyễn Minh', 0, 60, '', '', '', '0000-00-00 00:00:00', '', '', '', '', '', '', '', '', '2016-10-06 16:00:37', '0000-00-00 00:00:00'),
(1207, '639426079552929', 'Xu Trang', 0, 60, '', '', '', '0000-00-00 00:00:00', '', '', '', '', '', '', '', '', '2016-10-06 16:00:37', '0000-00-00 00:00:00'),
(1206, '693283174160505', 'mạch thị hải', 0, 60, '', '', '', '0000-00-00 00:00:00', '', '', '', '', '', '', '', '', '2016-10-06 16:00:37', '0000-00-00 00:00:00'),
(1205, '1089336614514642', 'Tung Thanh Ha', 0, 60, '', '', '', '0000-00-00 00:00:00', '', '', '', '', '', '', '', '', '2016-10-06 16:00:37', '0000-00-00 00:00:00'),
(1204, '1468706613143128', 'Thanh Văn Lê', 0, 60, '', '', '', '0000-00-00 00:00:00', '', '', '', '', '', '', '', '', '2016-10-06 16:00:37', '0000-00-00 00:00:00'),
(1203, '977290165710347', 'Bong Bóng Xà Phòng', 0, 60, '', '', '', '0000-00-00 00:00:00', '', '', '', '', '', '', '', '', '2016-10-06 16:00:37', '0000-00-00 00:00:00'),
(1202, '909551425855264', 'Tung Quang', 0, 60, '', '', '', '0000-00-00 00:00:00', '', '', '', '', '', '', '', '', '2016-10-06 16:00:37', '0000-00-00 00:00:00'),
(1201, '854967484633240', 'Ninh Đức Quyền', 0, 60, '', '', '', '0000-00-00 00:00:00', '', '', '', '', '', '', '', '', '2016-10-06 16:00:37', '0000-00-00 00:00:00'),
(1200, '1616926418606439', 'Đinh Quỳnh', 0, 60, '', '', '', '0000-00-00 00:00:00', '', '', '', '', '', '', '', '', '2016-10-06 16:00:37', '0000-00-00 00:00:00'),
(1199, '1111643208925320', 'Tất Giáp Nguyễn', 0, 60, '', '', '', '0000-00-00 00:00:00', '', '', '', '', '', '', '', '', '2016-10-06 16:00:37', '0000-00-00 00:00:00'),
(1198, '667682046731702', 'Huyền Nguyễn', 0, 60, '', '', '', '0000-00-00 00:00:00', '', '', '', '', '', '', '', '', '2016-10-06 16:00:37', '0000-00-00 00:00:00'),
(1197, '911590738984604', 'Hải Yến', 0, 60, '', '', '', '0000-00-00 00:00:00', '', '', '', '', '', '', '', '', '2016-10-06 16:00:37', '0000-00-00 00:00:00'),
(1196, '527189230807015', 'Hằng Lê', 0, 60, '', '', '', '0000-00-00 00:00:00', '', '', '', '', '', '', '', '', '2016-10-06 16:00:37', '0000-00-00 00:00:00'),
(1195, '678371632318987', 'Hoat Quy Bui', 0, 60, '', '', '', '0000-00-00 00:00:00', '', '', '', '', '', '', '', '', '2016-10-06 16:00:37', '0000-00-00 00:00:00'),
(1194, '1822165418003421', 'Vũ Tuyên Hoàng', 0, 60, '', '', '', '0000-00-00 00:00:00', '', '', '', '', '', '', '', '', '2016-10-06 16:00:37', '0000-00-00 00:00:00'),
(1193, '10205640551772690', 'Đặng Quang Huy', 0, 60, '', '', '', '0000-00-00 00:00:00', '', '', '', '', '', '', '', '', '2016-10-06 16:00:37', '0000-00-00 00:00:00'),
(1192, '1654328908230779', 'Nguyễn Thảo', 0, 60, '', '', '', '0000-00-00 00:00:00', '', '', '', '', '', '', '', '', '2016-10-06 16:00:37', '0000-00-00 00:00:00'),
(1191, '1201208179936995', 'Tuấn Thanh Cao', 0, 60, '', '', '', '0000-00-00 00:00:00', '', '', '', '', '', '', '', '', '2016-10-06 16:00:37', '0000-00-00 00:00:00'),
(1190, '778532148953637', 'Hoàng Mạnh Quân', 0, 60, '', '', '', '0000-00-00 00:00:00', '', '', '', '', '', '', '', '', '2016-10-06 16:00:37', '0000-00-00 00:00:00'),
(1189, '885961028201429', 'Châu Lê', 0, 60, '', '', '', '0000-00-00 00:00:00', '', '', '', '', '', '', '', '', '2016-10-06 16:00:37', '0000-00-00 00:00:00'),
(1188, '881328948671049', 'Hưng Nguyễn', 0, 60, '', '', '', '0000-00-00 00:00:00', '', '', '', '', '', '', '', '', '2016-10-06 16:00:37', '0000-00-00 00:00:00'),
(1187, '680716342087470', 'Nguyễn Duy Tùng', 0, 60, '', '', '', '0000-00-00 00:00:00', '', '', '', '', '', '', '', '', '2016-10-06 16:00:37', '0000-00-00 00:00:00'),
(1186, '1770991363142552', 'Nguyễn Đình Tú', 0, 60, '', '', '', '0000-00-00 00:00:00', '', '', '', '', '', '', '', '', '2016-10-06 16:00:37', '0000-00-00 00:00:00'),
(1185, '625484397623949', 'Nam Lê', 0, 60, '', '', '', '0000-00-00 00:00:00', '', '', '', '', '', '', '', '', '2016-10-06 16:00:37', '0000-00-00 00:00:00'),
(1184, '362126347452550', 'Vân Vân Anh', 0, 60, '', '', '', '0000-00-00 00:00:00', '', '', '', '', '', '', '', '', '2016-10-06 16:00:37', '0000-00-00 00:00:00'),
(1183, '782458898523115', 'Trong Quy Nguyen', 0, 60, '', '', '', '0000-00-00 00:00:00', '', '', '', '', '', '', '', '', '2016-10-06 16:00:37', '0000-00-00 00:00:00'),
(1182, '507575299436017', 'Ngọc Anh', 0, 60, '', '', '', '0000-00-00 00:00:00', '', '', '', '', '', '', '', '', '2016-10-06 16:00:37', '0000-00-00 00:00:00'),
(1181, '1013281788784491', 'Hai Lúa', 0, 60, '', '', '', '0000-00-00 00:00:00', '', '', '', '', '', '', '', '', '2016-10-06 16:00:37', '0000-00-00 00:00:00'),
(1180, '10207146789452759', 'Huy Phạm', 0, 60, '', '', '', '0000-00-00 00:00:00', '', '', '', '', '', '', '', '', '2016-10-06 16:00:37', '0000-00-00 00:00:00'),
(1179, '1038037029646483', 'Trường Giang', 0, 60, '', '', '', '0000-00-00 00:00:00', '', '', '', '', '', '', '', '', '2016-10-06 16:00:37', '0000-00-00 00:00:00'),
(1178, '777997925636890', 'Dương Nguyễn', 0, 60, '', '', '', '0000-00-00 00:00:00', '', '', '', '', '', '', '', '', '2016-10-06 16:00:37', '0000-00-00 00:00:00'),
(1177, '567961013387966', 'Phúc Jeremy', 0, 60, '', '', '', '0000-00-00 00:00:00', '', '', '', '', '', '', '', '', '2016-10-06 16:00:37', '0000-00-00 00:00:00'),
(1176, '862050383895085', 'Phạm Khang', 0, 60, '', '', '', '0000-00-00 00:00:00', '', '', '', '', '', '', '', '', '2016-10-06 16:00:37', '0000-00-00 00:00:00'),
(1175, '1079072192213735', 'Thanh Nguyen', 0, 60, '', '', '', '0000-00-00 00:00:00', '', '', '', '', '', '', '', '', '2016-10-06 16:00:37', '0000-00-00 00:00:00'),
(1174, '1769137236692235', 'Phạm Hải Yến', 0, 60, '', '', '', '0000-00-00 00:00:00', '', '', '', '', '', '', '', '', '2016-10-06 16:00:37', '0000-00-00 00:00:00'),
(1173, '1170880916306455', 'GiaIn Trần', 0, 60, '', '', '', '0000-00-00 00:00:00', '', '', '', '', '', '', '', '', '2016-10-06 16:00:37', '0000-00-00 00:00:00'),
(1172, '665030380321582', 'Lê Nhunn', 0, 60, '', '', '', '0000-00-00 00:00:00', '', '', '', '', '', '', '', '', '2016-10-06 16:00:37', '0000-00-00 00:00:00'),
(1171, '1163539460384214', 'Le Trung Thuong', 0, 60, '', '', '', '0000-00-00 00:00:00', '', '', '', '', '', '', '', '', '2016-10-06 16:00:37', '0000-00-00 00:00:00'),
(1170, '1029480463865418', 'Hiệp Lê', 0, 60, '', '', '', '0000-00-00 00:00:00', '', '', '', '', '', '', '', '', '2016-10-06 16:00:37', '0000-00-00 00:00:00'),
(1169, '655395531294220', 'Köÿ', 0, 60, '', '', '', '0000-00-00 00:00:00', '', '', '', '', '', '', '', '', '2016-10-06 16:00:37', '0000-00-00 00:00:00'),
(1168, '1221858274526714', 'Minh Tài', 0, 60, '', '', '', '0000-00-00 00:00:00', '', '', '', '', '', '', '', '', '2016-10-06 16:00:37', '0000-00-00 00:00:00'),
(1167, '1851329578428920', 'Bầu Trời', 0, 60, '', '', '', '0000-00-00 00:00:00', '', '', '', '', '', '', '', '', '2016-10-06 16:00:37', '0000-00-00 00:00:00'),
(1166, '343270479347736', 'Ngô An', 0, 60, '', '', '', '0000-00-00 00:00:00', '', '', '', '', '', '', '', '', '2016-10-06 16:00:37', '0000-00-00 00:00:00'),
(1165, '341462646196743', 'Loan Loan', 0, 60, '', '', '', '0000-00-00 00:00:00', '', '', '', '', '', '', '', '', '2016-10-06 16:00:37', '0000-00-00 00:00:00'),
(1164, '637932949700282', 'Vương Ngân', 0, 60, '', '', '', '0000-00-00 00:00:00', '', '', '', '', '', '', '', '', '2016-10-06 16:00:37', '0000-00-00 00:00:00'),
(1163, '547292172131632', 'Linhh Lê', 0, 60, '', '', '', '0000-00-00 00:00:00', '', '', '', '', '', '', '', '', '2016-10-06 16:00:37', '0000-00-00 00:00:00'),
(1162, '344206425925449', 'Thanh Tâm', 0, 60, '', '', '', '0000-00-00 00:00:00', '', '', '', '', '', '', '', '', '2016-10-06 16:00:37', '2016-10-12 14:46:30'),
(1160, '1117708261642965', 'Tường Vũ', 1, 58, 'ABC1', 'ABC', 'ABC', '2016-09-08 00:00:00', '98632879344', '98632879344', 'triuewesd@yahoo.com', 'nam', 'D11CN6', 'PTIT', 'https://www.facebook.com/tritueviet01', '100002114043418', '2016-10-06 15:37:33', '2016-10-12 14:57:54'),
(1161, '344236335910447', 'Việt Tuệ Trí', 0, 60, '', '', '', '0000-00-00 00:00:00', '', '', '', '', '', '', '', '', '2016-10-06 16:00:37', '0000-00-00 00:00:00');

-- --------------------------------------------------------

--
-- Table structure for table `roles`
--

CREATE TABLE IF NOT EXISTS `roles` (
  `RoleId` int(20) NOT NULL AUTO_INCREMENT,
  `RoleName` varchar(30) COLLATE utf8_unicode_ci NOT NULL,
  `Description` varchar(500) COLLATE utf8_unicode_ci NOT NULL,
  PRIMARY KEY (`RoleId`)
) ENGINE=MyISAM  DEFAULT CHARSET=utf8 COLLATE=utf8_unicode_ci AUTO_INCREMENT=36 ;

--
-- Dumping data for table `roles`
--

INSERT INTO `roles` (`RoleId`, `RoleName`, `Description`) VALUES
(1, 'Admin', 'Cho phép cấp quyền cho thành viên khác, quyền cao nhất, có tất cả chức năng khác'),
(3, 'Quản lý nhóm', 'Quyền quản lý nhóm group facebook, có thể thêm nhóm và lấy các thông tin từ facebook mà mình quản lý, được cấp cho thành viên và quản trị'),
(2, 'Quản trị', 'Cấp cao hơn cấp thành viên nhằm phân biệt học sinh sinh viên và thầy giáo, có thể quản lý nhóm thành viên'),
(4, 'Thành viên', 'Mặc định khi đăng kí sẽ có quyền thành viên, tham gia vào cộng đồng, nhận tin xem group, k có quyền add group'),
(5, 'Sửa thông tin cá nhân', 'User tham gia hệ thống có thể Sửa thông tin cá nhân của mình');

-- --------------------------------------------------------

--
-- Table structure for table `status`
--

CREATE TABLE IF NOT EXISTS `status` (
  `StatusId` int(20) NOT NULL AUTO_INCREMENT,
  `Name` varchar(30) COLLATE utf8_unicode_ci NOT NULL,
  `Description` varchar(50) COLLATE utf8_unicode_ci NOT NULL,
  PRIMARY KEY (`StatusId`)
) ENGINE=MyISAM  DEFAULT CHARSET=utf8 COLLATE=utf8_unicode_ci AUTO_INCREMENT=5 ;

--
-- Dumping data for table `status`
--

INSERT INTO `status` (`StatusId`, `Name`, `Description`) VALUES
(1, 'Chưa duyệt', 'Chưa được duyệt qua bởi người quản lý'),
(2, 'Đang duyệt', 'Đang kiểm duyệt qua bởi người quản lý'),
(3, 'Đã duyệt', 'Đã được kiểm duyệt'),
(4, 'Có vấn đề', 'Có vấn đề với thông tin');

-- --------------------------------------------------------

--
-- Table structure for table `users`
--

CREATE TABLE IF NOT EXISTS `users` (
  `UserId` int(20) NOT NULL AUTO_INCREMENT,
  `UserName` varchar(30) COLLATE utf8_unicode_ci NOT NULL,
  `Password` varchar(16) COLLATE utf8_unicode_ci NOT NULL,
  `FullName` varchar(50) COLLATE utf8_unicode_ci DEFAULT NULL,
  `Address1` varchar(100) COLLATE utf8_unicode_ci DEFAULT NULL,
  `Birthday` datetime DEFAULT NULL,
  `PhoneNumber1` varchar(15) COLLATE utf8_unicode_ci DEFAULT NULL,
  `Email` varchar(50) COLLATE utf8_unicode_ci DEFAULT NULL,
  `Gender` varchar(10) COLLATE utf8_unicode_ci DEFAULT NULL,
  `CreateTime` timestamp NOT NULL DEFAULT '0000-00-00 00:00:00',
  `UpdateTime` timestamp NOT NULL DEFAULT '0000-00-00 00:00:00' ON UPDATE CURRENT_TIMESTAMP,
  `Avatar` varchar(100) COLLATE utf8_unicode_ci DEFAULT NULL,
  `PhoneNumber2` varchar(100) COLLATE utf8_unicode_ci DEFAULT NULL,
  `Address2` varchar(100) COLLATE utf8_unicode_ci DEFAULT NULL,
  `Class` varchar(50) COLLATE utf8_unicode_ci DEFAULT NULL,
  `School` varchar(100) COLLATE utf8_unicode_ci DEFAULT NULL,
  `FacebookId` varchar(50) COLLATE utf8_unicode_ci DEFAULT NULL,
  PRIMARY KEY (`UserId`),
  KEY `avatar` (`Avatar`)
) ENGINE=MyISAM  DEFAULT CHARSET=utf8 COLLATE=utf8_unicode_ci AUTO_INCREMENT=35 ;

--
-- Dumping data for table `users`
--

INSERT INTO `users` (`UserId`, `UserName`, `Password`, `FullName`, `Address1`, `Birthday`, `PhoneNumber1`, `Email`, `Gender`, `CreateTime`, `UpdateTime`, `Avatar`, `PhoneNumber2`, `Address2`, `Class`, `School`, `FacebookId`) VALUES
(1, 'Admin', 'admin', 'Admin', '', '1993-05-10 00:00:00', '', 'admin@gmail.com', '2', '2016-01-29 19:40:59', '2016-10-12 15:57:16', NULL, NULL, NULL, '0', NULL, NULL),
(18, 'tritueviet', 'abc', 'TUONG VAN VU', 'Tổ 6 Mỗ Lao Hà Đông Hà Nội', '1993-12-08 00:00:00', '01674183276', 'tritueviet01@yahoo.com', '1', '2016-01-29 19:31:55', '2016-09-30 17:09:37', NULL, '01674183276', 'Thái bình', 'D11CN', 'PTIT', NULL),
(20, 'tho', '123', 'thơ', '1', '2012-12-12 00:00:00', '1', '1', '1', '2016-02-24 10:39:45', '2016-04-03 15:59:15', NULL, NULL, NULL, '', NULL, NULL),
(21, 'tuongvv', 'abc', '', '', '0000-00-00 00:00:00', '', 'tritueviet01@yahoo.com', '', '2016-04-11 17:42:50', '2016-09-30 17:09:29', NULL, '', '', '', '', NULL),
(23, 'testuser1', 'Abc123456', '', '', '0000-00-00 00:00:00', '', 'testuser1@gmail.com', '', '2016-10-02 16:29:22', '2016-10-02 16:29:22', NULL, '', '', '', '', NULL),
(22, 'abc123', 'abc', '', '', '0000-00-00 00:00:00', '', 'abc@yahoo.com', '', '2016-04-12 14:18:45', '2016-09-30 17:09:33', NULL, '', '', '', '', NULL),
(24, 'testuser2', 'Abc123456', '', '', '0000-00-00 00:00:00', '', 'testuser2@gmail.com', '', '2016-10-02 17:06:13', '2016-10-02 17:06:13', NULL, '', '', '', '', NULL),
(25, 'testuser3', 'Abc123456', '', '', '0000-00-00 00:00:00', '', 'testuser3@gmail.com', '', '2016-10-10 13:49:12', '0000-00-00 00:00:00', NULL, '', '', '', '', NULL),
(26, 'testuser4', 'Abc123456', '', '', '0000-00-00 00:00:00', '', 'testuser4@gmail.com', '', '2016-10-10 13:49:44', '0000-00-00 00:00:00', NULL, '', '', '', '', NULL),
(27, 'testuser5', 'Abc123456', '', '', '0000-00-00 00:00:00', '', 'testuser5@gmail.com', '', '2016-10-10 13:50:05', '0000-00-00 00:00:00', NULL, '', '', '', '', NULL),
(28, 'testuser6', 'Abc123456', '', '', '0000-00-00 00:00:00', '', 'testuser6@gmail.com', '', '2016-10-10 13:50:42', '0000-00-00 00:00:00', NULL, '', '', '', '', NULL),
(29, 'testuser7', 'Abc123456', '', '', '0000-00-00 00:00:00', '', 'testuser7@gmail.com', '', '2016-10-10 13:51:04', '0000-00-00 00:00:00', NULL, '', '', '', '', NULL),
(30, 'testuser10', 'Abc123456', '', '', '0000-00-00 00:00:00', '', 'testuser10@gmail.com', '', '2016-10-12 15:51:16', '0000-00-00 00:00:00', NULL, '', '', '', '', NULL),
(31, 'testuser11', 'Abc123456', '', '', '0000-00-00 00:00:00', '', 'testuser11@gmail.com', '', '2016-10-12 15:53:14', '0000-00-00 00:00:00', NULL, '', '', '', '', NULL),
(32, 'testuser12', 'Abc123456', '', '', '0000-00-00 00:00:00', '', 'testuser12@gmail.com', '', '2016-10-12 15:53:46', '0000-00-00 00:00:00', NULL, '', '', '', '', NULL),
(33, 'testuser13', 'Abc123456', '', '', '0000-00-00 00:00:00', '', 'testuser13@gmail.com', '', '2016-10-12 15:55:20', '0000-00-00 00:00:00', NULL, '', '', '', '', NULL),
(34, 'testuser14', 'Abc123456', '', '', '0000-00-00 00:00:00', '', 'testuser14@gmail.com', '', '2016-10-12 15:56:52', '0000-00-00 00:00:00', NULL, '', '', '', '', NULL);

-- --------------------------------------------------------

--
-- Table structure for table `user_group`
--

CREATE TABLE IF NOT EXISTS `user_group` (
  `UserGroupId` int(20) NOT NULL AUTO_INCREMENT,
  `UserId` int(20) DEFAULT NULL,
  `GroupId` int(20) DEFAULT NULL,
  PRIMARY KEY (`UserGroupId`),
  KEY `fk_user_group_users_idx` (`UserId`),
  KEY `fk_user_group_groups_idx` (`GroupId`)
) ENGINE=MyISAM  DEFAULT CHARSET=utf8 COLLATE=utf8_unicode_ci AUTO_INCREMENT=45 ;

--
-- Dumping data for table `user_group`
--

INSERT INTO `user_group` (`UserGroupId`, `UserId`, `GroupId`) VALUES
(39, 19, 58),
(38, 19, 57),
(37, 19, 56),
(40, 19, 59),
(41, 19, 60),
(42, 18, 58),
(43, 18, 61),
(44, 19, 62);

-- --------------------------------------------------------

--
-- Table structure for table `user_groupuser`
--

CREATE TABLE IF NOT EXISTS `user_groupuser` (
  `UserGroupUserId` int(20) NOT NULL AUTO_INCREMENT,
  `UserId` int(20) DEFAULT NULL,
  `GroupUserId` int(20) DEFAULT NULL,
  PRIMARY KEY (`UserGroupUserId`),
  KEY `fk_user_groupuser_users_idx` (`UserId`),
  KEY `fk_user_groupuser_groupuser_idx` (`GroupUserId`)
) ENGINE=MyISAM  DEFAULT CHARSET=utf8 COLLATE=utf8_unicode_ci AUTO_INCREMENT=26 ;

--
-- Dumping data for table `user_groupuser`
--

INSERT INTO `user_groupuser` (`UserGroupUserId`, `UserId`, `GroupUserId`) VALUES
(21, 20, 1),
(16, 18, 1),
(22, 18, 4),
(23, 23, 1),
(24, 22, 1),
(25, 26, 1);

-- --------------------------------------------------------

--
-- Table structure for table `user_role`
--

CREATE TABLE IF NOT EXISTS `user_role` (
  `UserRoleId` int(20) NOT NULL AUTO_INCREMENT,
  `RoleId` int(20) DEFAULT NULL,
  `UserId` int(20) DEFAULT NULL,
  PRIMARY KEY (`UserRoleId`),
  KEY `fk_user_role_users_idx` (`UserId`),
  KEY `fk_user_role_roles_idx` (`RoleId`)
) ENGINE=MyISAM  DEFAULT CHARSET=utf8 COLLATE=utf8_unicode_ci AUTO_INCREMENT=96 ;

--
-- Dumping data for table `user_role`
--

INSERT INTO `user_role` (`UserRoleId`, `RoleId`, `UserId`) VALUES
(74, 3, 18),
(72, 4, 18),
(1, 1, 1),
(75, 2, 19),
(76, 3, 19),
(77, 4, 19),
(78, 5, 19),
(79, 5, 18),
(80, 4, 22),
(81, 5, 22),
(82, 4, 20),
(83, 5, 20),
(84, 2, 23),
(85, 3, 23),
(86, 4, 23),
(87, 5, 23),
(88, 2, 24),
(89, 3, 24),
(90, 4, 24),
(91, 5, 24),
(92, 2, 1),
(93, 3, 1),
(94, 4, 1),
(95, 5, 1);

/*!40101 SET CHARACTER_SET_CLIENT=@OLD_CHARACTER_SET_CLIENT */;
/*!40101 SET CHARACTER_SET_RESULTS=@OLD_CHARACTER_SET_RESULTS */;
/*!40101 SET COLLATION_CONNECTION=@OLD_COLLATION_CONNECTION */;
